ithaID,gene_id,name,hugo_name
332,1,HS40,
333,1,HS40,
334,1,HS40,
335,1,HS40,
336,1,HS40,
337,1,HS40,
338,1,HS40,
339,1,HS40,
2238,1,HS40,
2241,1,HS40,
2242,1,HS40,
2243,1,HS40,
2244,1,HS40,
2245,1,HS40,
2246,1,HS40,
2247,1,HS40,
2248,1,HS40,
2249,1,HS40,
2250,1,HS40,
2251,1,HS40,
2252,1,HS40,
2253,1,HS40,
2254,1,HS40,
2255,1,HS40,
2256,1,HS40,
2257,1,HS40,
2258,1,HS40,
2259,1,HS40,
2260,1,HS40,
2261,1,HS40,
2262,1,HS40,
2264,1,HS40,
2265,1,HS40,
2266,1,HS40,
2267,1,HS40,
2268,1,HS40,
2269,1,HS40,
2270,1,HS40,
2271,1,HS40,
2272,1,HS40,
2273,1,HS40,
2562,1,HS40,
2567,1,HS40,
2568,1,HS40,
2570,1,HS40,
3022,1,HS40,
3068,1,HS40,
3070,1,HS40,
3071,1,HS40,
3074,1,HS40,
3076,1,HS40,
3265,1,HS40,
3273,1,HS40,
3274,1,HS40,
3275,1,HS40,
3284,1,HS40,
3293,1,HS40,
3295,1,HS40,
3327,1,HS40,
3407,1,HS40,
3588,1,HS40,
3663,1,HS40,
3675,1,HS40,
3711,1,HS40,
3821,1,HS40,
3822,1,HS40,
3886,1,HS40,
3889,1,HS40,
3937,1,HS40,
3938,1,HS40,
3939,1,HS40,
310,2,ζ,HBZ
311,2,ζ,HBZ
313,2,ζ,HBZ
321,2,ζ,HBZ
323,2,ζ,HBZ
324,2,ζ,HBZ
325,2,ζ,HBZ
327,2,ζ,HBZ
329,2,ζ,HBZ
331,2,ζ,HBZ
332,2,ζ,HBZ
335,2,ζ,HBZ
336,2,ζ,HBZ
339,2,ζ,HBZ
2232,2,ζ,HBZ
2233,2,ζ,HBZ
2234,2,ζ,HBZ
2236,2,ζ,HBZ
2238,2,ζ,HBZ
2239,2,ζ,HBZ
2241,2,ζ,HBZ
2242,2,ζ,HBZ
2244,2,ζ,HBZ
2247,2,ζ,HBZ
2250,2,ζ,HBZ
2251,2,ζ,HBZ
2252,2,ζ,HBZ
2253,2,ζ,HBZ
2254,2,ζ,HBZ
2255,2,ζ,HBZ
2256,2,ζ,HBZ
2257,2,ζ,HBZ
2258,2,ζ,HBZ
2259,2,ζ,HBZ
2260,2,ζ,HBZ
2261,2,ζ,HBZ
2262,2,ζ,HBZ
2264,2,ζ,HBZ
2265,2,ζ,HBZ
2266,2,ζ,HBZ
2267,2,ζ,HBZ
2268,2,ζ,HBZ
2269,2,ζ,HBZ
2270,2,ζ,HBZ
2271,2,ζ,HBZ
2272,2,ζ,HBZ
2273,2,ζ,HBZ
2475,2,ζ,HBZ
2554,2,ζ,HBZ
2567,2,ζ,HBZ
2568,2,ζ,HBZ
2570,2,ζ,HBZ
3020,2,ζ,HBZ
3021,2,ζ,HBZ
3022,2,ζ,HBZ
3068,2,ζ,HBZ
3070,2,ζ,HBZ
3071,2,ζ,HBZ
3076,2,ζ,HBZ
3214,2,ζ,HBZ
3244,2,ζ,HBZ
3255,2,ζ,HBZ
3265,2,ζ,HBZ
3273,2,ζ,HBZ
3274,2,ζ,HBZ
3284,2,ζ,HBZ
3295,2,ζ,HBZ
3327,2,ζ,HBZ
3408,2,ζ,HBZ
3588,2,ζ,HBZ
3595,2,ζ,HBZ
3607,2,ζ,HBZ
3622,2,ζ,HBZ
3821,2,ζ,HBZ
3822,2,ζ,HBZ
3889,2,ζ,HBZ
3937,2,ζ,HBZ
3938,2,ζ,HBZ
3939,2,ζ,HBZ
300,3,α2,HBA2
301,3,α2,HBA2
305,3,α2,HBA2
306,3,α2,HBA2
309,3,α2,HBA2
310,3,α2,HBA2
311,3,α2,HBA2
312,3,α2,HBA2
313,3,α2,HBA2
314,3,α2,HBA2
315,3,α2,HBA2
316,3,α2,HBA2
317,3,α2,HBA2
318,3,α2,HBA2
319,3,α2,HBA2
320,3,α2,HBA2
321,3,α2,HBA2
322,3,α2,HBA2
323,3,α2,HBA2
324,3,α2,HBA2
325,3,α2,HBA2
326,3,α2,HBA2
327,3,α2,HBA2
328,3,α2,HBA2
329,3,α2,HBA2
330,3,α2,HBA2
331,3,α2,HBA2
342,3,α2,HBA2
343,3,α2,HBA2
344,3,α2,HBA2
350,3,α2,HBA2
351,3,α2,HBA2
352,3,α2,HBA2
353,3,α2,HBA2
354,3,α2,HBA2
355,3,α2,HBA2
356,3,α2,HBA2
357,3,α2,HBA2
359,3,α2,HBA2
360,3,α2,HBA2
362,3,α2,HBA2
363,3,α2,HBA2
365,3,α2,HBA2
366,3,α2,HBA2
367,3,α2,HBA2
368,3,α2,HBA2
369,3,α2,HBA2
372,3,α2,HBA2
373,3,α2,HBA2
374,3,α2,HBA2
376,3,α2,HBA2
377,3,α2,HBA2
379,3,α2,HBA2
384,3,α2,HBA2
388,3,α2,HBA2
389,3,α2,HBA2
391,3,α2,HBA2
392,3,α2,HBA2
394,3,α2,HBA2
396,3,α2,HBA2
397,3,α2,HBA2
399,3,α2,HBA2
402,3,α2,HBA2
404,3,α2,HBA2
405,3,α2,HBA2
408,3,α2,HBA2
409,3,α2,HBA2
412,3,α2,HBA2
413,3,α2,HBA2
414,3,α2,HBA2
417,3,α2,HBA2
418,3,α2,HBA2
419,3,α2,HBA2
420,3,α2,HBA2
421,3,α2,HBA2
422,3,α2,HBA2
424,3,α2,HBA2
425,3,α2,HBA2
426,3,α2,HBA2
427,3,α2,HBA2
428,3,α2,HBA2
431,3,α2,HBA2
434,3,α2,HBA2
438,3,α2,HBA2
439,3,α2,HBA2
445,3,α2,HBA2
447,3,α2,HBA2
451,3,α2,HBA2
454,3,α2,HBA2
457,3,α2,HBA2
458,3,α2,HBA2
461,3,α2,HBA2
464,3,α2,HBA2
467,3,α2,HBA2
469,3,α2,HBA2
470,3,α2,HBA2
473,3,α2,HBA2
476,3,α2,HBA2
479,3,α2,HBA2
481,3,α2,HBA2
484,3,α2,HBA2
485,3,α2,HBA2
490,3,α2,HBA2
493,3,α2,HBA2
494,3,α2,HBA2
495,3,α2,HBA2
496,3,α2,HBA2
497,3,α2,HBA2
499,3,α2,HBA2
503,3,α2,HBA2
506,3,α2,HBA2
511,3,α2,HBA2
512,3,α2,HBA2
514,3,α2,HBA2
515,3,α2,HBA2
520,3,α2,HBA2
521,3,α2,HBA2
524,3,α2,HBA2
528,3,α2,HBA2
529,3,α2,HBA2
533,3,α2,HBA2
537,3,α2,HBA2
541,3,α2,HBA2
543,3,α2,HBA2
546,3,α2,HBA2
548,3,α2,HBA2
549,3,α2,HBA2
552,3,α2,HBA2
554,3,α2,HBA2
557,3,α2,HBA2
558,3,α2,HBA2
560,3,α2,HBA2
563,3,α2,HBA2
569,3,α2,HBA2
570,3,α2,HBA2
571,3,α2,HBA2
577,3,α2,HBA2
581,3,α2,HBA2
583,3,α2,HBA2
588,3,α2,HBA2
590,3,α2,HBA2
593,3,α2,HBA2
595,3,α2,HBA2
596,3,α2,HBA2
598,3,α2,HBA2
602,3,α2,HBA2
604,3,α2,HBA2
605,3,α2,HBA2
606,3,α2,HBA2
611,3,α2,HBA2
612,3,α2,HBA2
613,3,α2,HBA2
614,3,α2,HBA2
615,3,α2,HBA2
616,3,α2,HBA2
618,3,α2,HBA2
620,3,α2,HBA2
621,3,α2,HBA2
622,3,α2,HBA2
626,3,α2,HBA2
628,3,α2,HBA2
629,3,α2,HBA2
630,3,α2,HBA2
631,3,α2,HBA2
635,3,α2,HBA2
638,3,α2,HBA2
642,3,α2,HBA2
645,3,α2,HBA2
654,3,α2,HBA2
657,3,α2,HBA2
661,3,α2,HBA2
664,3,α2,HBA2
666,3,α2,HBA2
669,3,α2,HBA2
670,3,α2,HBA2
673,3,α2,HBA2
674,3,α2,HBA2
675,3,α2,HBA2
676,3,α2,HBA2
680,3,α2,HBA2
682,3,α2,HBA2
683,3,α2,HBA2
686,3,α2,HBA2
687,3,α2,HBA2
688,3,α2,HBA2
692,3,α2,HBA2
694,3,α2,HBA2
696,3,α2,HBA2
707,3,α2,HBA2
711,3,α2,HBA2
713,3,α2,HBA2
714,3,α2,HBA2
722,3,α2,HBA2
727,3,α2,HBA2
730,3,α2,HBA2
731,3,α2,HBA2
734,3,α2,HBA2
736,3,α2,HBA2
741,3,α2,HBA2
750,3,α2,HBA2
757,3,α2,HBA2
758,3,α2,HBA2
761,3,α2,HBA2
764,3,α2,HBA2
770,3,α2,HBA2
772,3,α2,HBA2
774,3,α2,HBA2
775,3,α2,HBA2
777,3,α2,HBA2
779,3,α2,HBA2
780,3,α2,HBA2
781,3,α2,HBA2
785,3,α2,HBA2
2023,3,α2,HBA2
2206,3,α2,HBA2
2207,3,α2,HBA2
2208,3,α2,HBA2
2209,3,α2,HBA2
2210,3,α2,HBA2
2211,3,α2,HBA2
2214,3,α2,HBA2
2215,3,α2,HBA2
2216,3,α2,HBA2
2217,3,α2,HBA2
2218,3,α2,HBA2
2219,3,α2,HBA2
2220,3,α2,HBA2
2221,3,α2,HBA2
2226,3,α2,HBA2
2228,3,α2,HBA2
2230,3,α2,HBA2
2231,3,α2,HBA2
2232,3,α2,HBA2
2234,3,α2,HBA2
2236,3,α2,HBA2
2237,3,α2,HBA2
2238,3,α2,HBA2
2239,3,α2,HBA2
2240,3,α2,HBA2
2241,3,α2,HBA2
2242,3,α2,HBA2
2252,3,α2,HBA2
2253,3,α2,HBA2
2254,3,α2,HBA2
2255,3,α2,HBA2
2256,3,α2,HBA2
2257,3,α2,HBA2
2258,3,α2,HBA2
2259,3,α2,HBA2
2260,3,α2,HBA2
2261,3,α2,HBA2
2262,3,α2,HBA2
2264,3,α2,HBA2
2265,3,α2,HBA2
2266,3,α2,HBA2
2267,3,α2,HBA2
2268,3,α2,HBA2
2269,3,α2,HBA2
2270,3,α2,HBA2
2271,3,α2,HBA2
2272,3,α2,HBA2
2273,3,α2,HBA2
2281,3,α2,HBA2
2304,3,α2,HBA2
2306,3,α2,HBA2
2308,3,α2,HBA2
2311,3,α2,HBA2
2335,3,α2,HBA2
2337,3,α2,HBA2
2338,3,α2,HBA2
2348,3,α2,HBA2
2350,3,α2,HBA2
2351,3,α2,HBA2
2355,3,α2,HBA2
2356,3,α2,HBA2
2360,3,α2,HBA2
2361,3,α2,HBA2
2362,3,α2,HBA2
2366,3,α2,HBA2
2367,3,α2,HBA2
2368,3,α2,HBA2
2369,3,α2,HBA2
2370,3,α2,HBA2
2371,3,α2,HBA2
2372,3,α2,HBA2
2373,3,α2,HBA2
2375,3,α2,HBA2
2376,3,α2,HBA2
2383,3,α2,HBA2
2384,3,α2,HBA2
2388,3,α2,HBA2
2390,3,α2,HBA2
2409,3,α2,HBA2
2420,3,α2,HBA2
2424,3,α2,HBA2
2430,3,α2,HBA2
2433,3,α2,HBA2
2436,3,α2,HBA2
2438,3,α2,HBA2
2446,3,α2,HBA2
2457,3,α2,HBA2
2458,3,α2,HBA2
2460,3,α2,HBA2
2465,3,α2,HBA2
2466,3,α2,HBA2
2469,3,α2,HBA2
2470,3,α2,HBA2
2474,3,α2,HBA2
2475,3,α2,HBA2
2480,3,α2,HBA2
2481,3,α2,HBA2
2483,3,α2,HBA2
2486,3,α2,HBA2
2487,3,α2,HBA2
2488,3,α2,HBA2
2489,3,α2,HBA2
2493,3,α2,HBA2
2518,3,α2,HBA2
2519,3,α2,HBA2
2526,3,α2,HBA2
2527,3,α2,HBA2
2530,3,α2,HBA2
2535,3,α2,HBA2
2538,3,α2,HBA2
2540,3,α2,HBA2
2541,3,α2,HBA2
2549,3,α2,HBA2
2554,3,α2,HBA2
2555,3,α2,HBA2
2561,3,α2,HBA2
2567,3,α2,HBA2
2568,3,α2,HBA2
2569,3,α2,HBA2
2570,3,α2,HBA2
2576,3,α2,HBA2
2951,3,α2,HBA2
2952,3,α2,HBA2
2953,3,α2,HBA2
2955,3,α2,HBA2
2956,3,α2,HBA2
2957,3,α2,HBA2
2967,3,α2,HBA2
2970,3,α2,HBA2
2971,3,α2,HBA2
2977,3,α2,HBA2
2978,3,α2,HBA2
2979,3,α2,HBA2
2980,3,α2,HBA2
2981,3,α2,HBA2
2988,3,α2,HBA2
2999,3,α2,HBA2
3018,3,α2,HBA2
3020,3,α2,HBA2
3021,3,α2,HBA2
3022,3,α2,HBA2
3027,3,α2,HBA2
3028,3,α2,HBA2
3029,3,α2,HBA2
3033,3,α2,HBA2
3037,3,α2,HBA2
3038,3,α2,HBA2
3039,3,α2,HBA2
3041,3,α2,HBA2
3042,3,α2,HBA2
3050,3,α2,HBA2
3051,3,α2,HBA2
3053,3,α2,HBA2
3054,3,α2,HBA2
3055,3,α2,HBA2
3056,3,α2,HBA2
3063,3,α2,HBA2
3064,3,α2,HBA2
3067,3,α2,HBA2
3068,3,α2,HBA2
3070,3,α2,HBA2
3071,3,α2,HBA2
3076,3,α2,HBA2
3079,3,α2,HBA2
3080,3,α2,HBA2
3140,3,α2,HBA2
3142,3,α2,HBA2
3214,3,α2,HBA2
3215,3,α2,HBA2
3217,3,α2,HBA2
3244,3,α2,HBA2
3255,3,α2,HBA2
3258,3,α2,HBA2
3265,3,α2,HBA2
3268,3,α2,HBA2
3271,3,α2,HBA2
3273,3,α2,HBA2
3274,3,α2,HBA2
3283,3,α2,HBA2
3284,3,α2,HBA2
3286,3,α2,HBA2
3292,3,α2,HBA2
3294,3,α2,HBA2
3295,3,α2,HBA2
3296,3,α2,HBA2
3301,3,α2,HBA2
3305,3,α2,HBA2
3327,3,α2,HBA2
3333,3,α2,HBA2
3360,3,α2,HBA2
3362,3,α2,HBA2
3363,3,α2,HBA2
3365,3,α2,HBA2
3379,3,α2,HBA2
3381,3,α2,HBA2
3382,3,α2,HBA2
3397,3,α2,HBA2
3402,3,α2,HBA2
3403,3,α2,HBA2
3404,3,α2,HBA2
3405,3,α2,HBA2
3408,3,α2,HBA2
3432,3,α2,HBA2
3433,3,α2,HBA2
3440,3,α2,HBA2
3482,3,α2,HBA2
3487,3,α2,HBA2
3488,3,α2,HBA2
3489,3,α2,HBA2
3514,3,α2,HBA2
3564,3,α2,HBA2
3568,3,α2,HBA2
3569,3,α2,HBA2
3572,3,α2,HBA2
3583,3,α2,HBA2
3587,3,α2,HBA2
3588,3,α2,HBA2
3595,3,α2,HBA2
3599,3,α2,HBA2
3603,3,α2,HBA2
3604,3,α2,HBA2
3607,3,α2,HBA2
3610,3,α2,HBA2
3611,3,α2,HBA2
3612,3,α2,HBA2
3613,3,α2,HBA2
3622,3,α2,HBA2
3623,3,α2,HBA2
3632,3,α2,HBA2
3657,3,α2,HBA2
3675,3,α2,HBA2
3693,3,α2,HBA2
3694,3,α2,HBA2
3696,3,α2,HBA2
3705,3,α2,HBA2
3712,3,α2,HBA2
3713,3,α2,HBA2
3714,3,α2,HBA2
3715,3,α2,HBA2
3716,3,α2,HBA2
3720,3,α2,HBA2
3725,3,α2,HBA2
3726,3,α2,HBA2
3727,3,α2,HBA2
3728,3,α2,HBA2
3729,3,α2,HBA2
3730,3,α2,HBA2
3731,3,α2,HBA2
3732,3,α2,HBA2
3733,3,α2,HBA2
3734,3,α2,HBA2
3745,3,α2,HBA2
3748,3,α2,HBA2
3749,3,α2,HBA2
3753,3,α2,HBA2
3754,3,α2,HBA2
3758,3,α2,HBA2
3761,3,α2,HBA2
3762,3,α2,HBA2
3763,3,α2,HBA2
3765,3,α2,HBA2
3766,3,α2,HBA2
3769,3,α2,HBA2
3770,3,α2,HBA2
3783,3,α2,HBA2
3785,3,α2,HBA2
3791,3,α2,HBA2
3800,3,α2,HBA2
3801,3,α2,HBA2
3805,3,α2,HBA2
3821,3,α2,HBA2
3822,3,α2,HBA2
3841,3,α2,HBA2
3862,3,α2,HBA2
3871,3,α2,HBA2
3877,3,α2,HBA2
3884,3,α2,HBA2
3885,3,α2,HBA2
3890,3,α2,HBA2
3913,3,α2,HBA2
3916,3,α2,HBA2
3923,3,α2,HBA2
3924,3,α2,HBA2
3937,3,α2,HBA2
3938,3,α2,HBA2
3939,3,α2,HBA2
300,4,α1,HBA1
302,4,α1,HBA1
303,4,α1,HBA1
304,4,α1,HBA1
307,4,α1,HBA1
309,4,α1,HBA1
310,4,α1,HBA1
311,4,α1,HBA1
312,4,α1,HBA1
313,4,α1,HBA1
314,4,α1,HBA1
315,4,α1,HBA1
316,4,α1,HBA1
317,4,α1,HBA1
318,4,α1,HBA1
319,4,α1,HBA1
320,4,α1,HBA1
321,4,α1,HBA1
322,4,α1,HBA1
323,4,α1,HBA1
324,4,α1,HBA1
325,4,α1,HBA1
326,4,α1,HBA1
327,4,α1,HBA1
328,4,α1,HBA1
329,4,α1,HBA1
330,4,α1,HBA1
331,4,α1,HBA1
340,4,α1,HBA1
341,4,α1,HBA1
347,4,α1,HBA1
349,4,α1,HBA1
358,4,α1,HBA1
361,4,α1,HBA1
364,4,α1,HBA1
370,4,α1,HBA1
371,4,α1,HBA1
375,4,α1,HBA1
378,4,α1,HBA1
380,4,α1,HBA1
381,4,α1,HBA1
382,4,α1,HBA1
383,4,α1,HBA1
385,4,α1,HBA1
386,4,α1,HBA1
387,4,α1,HBA1
390,4,α1,HBA1
393,4,α1,HBA1
395,4,α1,HBA1
398,4,α1,HBA1
406,4,α1,HBA1
407,4,α1,HBA1
411,4,α1,HBA1
416,4,α1,HBA1
429,4,α1,HBA1
432,4,α1,HBA1
435,4,α1,HBA1
437,4,α1,HBA1
441,4,α1,HBA1
442,4,α1,HBA1
444,4,α1,HBA1
450,4,α1,HBA1
453,4,α1,HBA1
456,4,α1,HBA1
465,4,α1,HBA1
466,4,α1,HBA1
468,4,α1,HBA1
471,4,α1,HBA1
482,4,α1,HBA1
491,4,α1,HBA1
502,4,α1,HBA1
504,4,α1,HBA1
505,4,α1,HBA1
509,4,α1,HBA1
517,4,α1,HBA1
522,4,α1,HBA1
523,4,α1,HBA1
530,4,α1,HBA1
536,4,α1,HBA1
542,4,α1,HBA1
547,4,α1,HBA1
550,4,α1,HBA1
553,4,α1,HBA1
556,4,α1,HBA1
559,4,α1,HBA1
561,4,α1,HBA1
562,4,α1,HBA1
566,4,α1,HBA1
567,4,α1,HBA1
568,4,α1,HBA1
573,4,α1,HBA1
578,4,α1,HBA1
582,4,α1,HBA1
585,4,α1,HBA1
587,4,α1,HBA1
594,4,α1,HBA1
597,4,α1,HBA1
599,4,α1,HBA1
607,4,α1,HBA1
608,4,α1,HBA1
609,4,α1,HBA1
625,4,α1,HBA1
632,4,α1,HBA1
633,4,α1,HBA1
637,4,α1,HBA1
639,4,α1,HBA1
641,4,α1,HBA1
647,4,α1,HBA1
649,4,α1,HBA1
658,4,α1,HBA1
662,4,α1,HBA1
663,4,α1,HBA1
665,4,α1,HBA1
668,4,α1,HBA1
672,4,α1,HBA1
677,4,α1,HBA1
678,4,α1,HBA1
681,4,α1,HBA1
684,4,α1,HBA1
685,4,α1,HBA1
690,4,α1,HBA1
691,4,α1,HBA1
693,4,α1,HBA1
695,4,α1,HBA1
701,4,α1,HBA1
708,4,α1,HBA1
715,4,α1,HBA1
719,4,α1,HBA1
720,4,α1,HBA1
723,4,α1,HBA1
724,4,α1,HBA1
726,4,α1,HBA1
728,4,α1,HBA1
729,4,α1,HBA1
733,4,α1,HBA1
738,4,α1,HBA1
739,4,α1,HBA1
740,4,α1,HBA1
743,4,α1,HBA1
749,4,α1,HBA1
752,4,α1,HBA1
753,4,α1,HBA1
760,4,α1,HBA1
762,4,α1,HBA1
767,4,α1,HBA1
769,4,α1,HBA1
771,4,α1,HBA1
782,4,α1,HBA1
2203,4,α1,HBA1
2204,4,α1,HBA1
2205,4,α1,HBA1
2212,4,α1,HBA1
2222,4,α1,HBA1
2224,4,α1,HBA1
2225,4,α1,HBA1
2230,4,α1,HBA1
2231,4,α1,HBA1
2235,4,α1,HBA1
2236,4,α1,HBA1
2237,4,α1,HBA1
2238,4,α1,HBA1
2239,4,α1,HBA1
2240,4,α1,HBA1
2241,4,α1,HBA1
2242,4,α1,HBA1
2252,4,α1,HBA1
2253,4,α1,HBA1
2254,4,α1,HBA1
2255,4,α1,HBA1
2256,4,α1,HBA1
2257,4,α1,HBA1
2258,4,α1,HBA1
2259,4,α1,HBA1
2260,4,α1,HBA1
2261,4,α1,HBA1
2262,4,α1,HBA1
2263,4,α1,HBA1
2264,4,α1,HBA1
2265,4,α1,HBA1
2266,4,α1,HBA1
2267,4,α1,HBA1
2268,4,α1,HBA1
2269,4,α1,HBA1
2270,4,α1,HBA1
2271,4,α1,HBA1
2272,4,α1,HBA1
2273,4,α1,HBA1
2285,4,α1,HBA1
2303,4,α1,HBA1
2305,4,α1,HBA1
2310,4,α1,HBA1
2313,4,α1,HBA1
2315,4,α1,HBA1
2316,4,α1,HBA1
2317,4,α1,HBA1
2322,4,α1,HBA1
2323,4,α1,HBA1
2336,4,α1,HBA1
2340,4,α1,HBA1
2347,4,α1,HBA1
2352,4,α1,HBA1
2353,4,α1,HBA1
2357,4,α1,HBA1
2358,4,α1,HBA1
2365,4,α1,HBA1
2377,4,α1,HBA1
2380,4,α1,HBA1
2381,4,α1,HBA1
2385,4,α1,HBA1
2386,4,α1,HBA1
2402,4,α1,HBA1
2408,4,α1,HBA1
2414,4,α1,HBA1
2416,4,α1,HBA1
2429,4,α1,HBA1
2451,4,α1,HBA1
2455,4,α1,HBA1
2467,4,α1,HBA1
2468,4,α1,HBA1
2485,4,α1,HBA1
2499,4,α1,HBA1
2500,4,α1,HBA1
2501,4,α1,HBA1
2502,4,α1,HBA1
2503,4,α1,HBA1
2504,4,α1,HBA1
2505,4,α1,HBA1
2506,4,α1,HBA1
2507,4,α1,HBA1
2508,4,α1,HBA1
2509,4,α1,HBA1
2510,4,α1,HBA1
2528,4,α1,HBA1
2529,4,α1,HBA1
2532,4,α1,HBA1
2539,4,α1,HBA1
2555,4,α1,HBA1
2561,4,α1,HBA1
2567,4,α1,HBA1
2568,4,α1,HBA1
2570,4,α1,HBA1
2571,4,α1,HBA1
2968,4,α1,HBA1
2982,4,α1,HBA1
2983,4,α1,HBA1
2984,4,α1,HBA1
2985,4,α1,HBA1
2986,4,α1,HBA1
2987,4,α1,HBA1
2991,4,α1,HBA1
2993,4,α1,HBA1
2995,4,α1,HBA1
2996,4,α1,HBA1
3000,4,α1,HBA1
3015,4,α1,HBA1
3016,4,α1,HBA1
3018,4,α1,HBA1
3020,4,α1,HBA1
3021,4,α1,HBA1
3022,4,α1,HBA1
3026,4,α1,HBA1
3030,4,α1,HBA1
3031,4,α1,HBA1
3032,4,α1,HBA1
3036,4,α1,HBA1
3040,4,α1,HBA1
3049,4,α1,HBA1
3067,4,α1,HBA1
3068,4,α1,HBA1
3070,4,α1,HBA1
3071,4,α1,HBA1
3072,4,α1,HBA1
3075,4,α1,HBA1
3076,4,α1,HBA1
3147,4,α1,HBA1
3175,4,α1,HBA1
3214,4,α1,HBA1
3215,4,α1,HBA1
3244,4,α1,HBA1
3250,4,α1,HBA1
3251,4,α1,HBA1
3252,4,α1,HBA1
3255,4,α1,HBA1
3258,4,α1,HBA1
3264,4,α1,HBA1
3265,4,α1,HBA1
3266,4,α1,HBA1
3267,4,α1,HBA1
3273,4,α1,HBA1
3274,4,α1,HBA1
3280,4,α1,HBA1
3281,4,α1,HBA1
3283,4,α1,HBA1
3284,4,α1,HBA1
3292,4,α1,HBA1
3294,4,α1,HBA1
3295,4,α1,HBA1
3296,4,α1,HBA1
3302,4,α1,HBA1
3312,4,α1,HBA1
3326,4,α1,HBA1
3327,4,α1,HBA1
3334,4,α1,HBA1
3360,4,α1,HBA1
3373,4,α1,HBA1
3378,4,α1,HBA1
3380,4,α1,HBA1
3395,4,α1,HBA1
3408,4,α1,HBA1
3431,4,α1,HBA1
3432,4,α1,HBA1
3433,4,α1,HBA1
3434,4,α1,HBA1
3442,4,α1,HBA1
3514,4,α1,HBA1
3557,4,α1,HBA1
3560,4,α1,HBA1
3588,4,α1,HBA1
3595,4,α1,HBA1
3607,4,α1,HBA1
3614,4,α1,HBA1
3622,4,α1,HBA1
3624,4,α1,HBA1
3626,4,α1,HBA1
3630,4,α1,HBA1
3675,4,α1,HBA1
3695,4,α1,HBA1
3699,4,α1,HBA1
3717,4,α1,HBA1
3718,4,α1,HBA1
3719,4,α1,HBA1
3723,4,α1,HBA1
3724,4,α1,HBA1
3735,4,α1,HBA1
3736,4,α1,HBA1
3737,4,α1,HBA1
3738,4,α1,HBA1
3739,4,α1,HBA1
3740,4,α1,HBA1
3751,4,α1,HBA1
3755,4,α1,HBA1
3756,4,α1,HBA1
3757,4,α1,HBA1
3759,4,α1,HBA1
3760,4,α1,HBA1
3764,4,α1,HBA1
3767,4,α1,HBA1
3768,4,α1,HBA1
3782,4,α1,HBA1
3788,4,α1,HBA1
3789,4,α1,HBA1
3802,4,α1,HBA1
3821,4,α1,HBA1
3822,4,α1,HBA1
3848,4,α1,HBA1
3852,4,α1,HBA1
3856,4,α1,HBA1
3861,4,α1,HBA1
3864,4,α1,HBA1
3871,4,α1,HBA1
3875,4,α1,HBA1
3879,4,α1,HBA1
3897,4,α1,HBA1
3914,4,α1,HBA1
3922,4,α1,HBA1
3937,4,α1,HBA1
3938,4,α1,HBA1
3939,4,α1,HBA1
1534,5,βLCR,LCRB
1535,5,βLCR,LCRB
1536,5,βLCR,LCRB
1537,5,βLCR,LCRB
1538,5,βLCR,LCRB
1539,5,βLCR,LCRB
1540,5,βLCR,LCRB
1541,5,βLCR,LCRB
1542,5,βLCR,LCRB
1543,5,βLCR,LCRB
1544,5,βLCR,LCRB
1545,5,βLCR,LCRB
1546,5,βLCR,LCRB
1547,5,βLCR,LCRB
1548,5,βLCR,LCRB
1549,5,βLCR,LCRB
1550,5,βLCR,LCRB
1551,5,βLCR,LCRB
1552,5,βLCR,LCRB
1553,5,βLCR,LCRB
2158,5,βLCR,LCRB
2159,5,βLCR,LCRB
2161,5,βLCR,LCRB
2163,5,βLCR,LCRB
2164,5,βLCR,LCRB
2165,5,βLCR,LCRB
2167,5,βLCR,LCRB
2418,5,βLCR,LCRB
2479,5,βLCR,LCRB
2548,5,βLCR,LCRB
2550,5,βLCR,LCRB
2551,5,βLCR,LCRB
2566,5,βLCR,LCRB
2792,5,βLCR,LCRB
2812,5,βLCR,LCRB
2950,5,βLCR,LCRB
3106,5,βLCR,LCRB
3107,5,βLCR,LCRB
3260,5,βLCR,LCRB
3261,5,βLCR,LCRB
3340,5,βLCR,LCRB
3570,5,βLCR,LCRB
3577,5,βLCR,LCRB
3578,5,βLCR,LCRB
3606,5,βLCR,LCRB
3849,5,βLCR,LCRB
3935,5,βLCR,LCRB
3936,5,βLCR,LCRB
1534,6,ε,HBE1
1535,6,ε,HBE1
1536,6,ε,HBE1
1537,6,ε,HBE1
1538,6,ε,HBE1
1539,6,ε,HBE1
1541,6,ε,HBE1
1542,6,ε,HBE1
1543,6,ε,HBE1
1544,6,ε,HBE1
1545,6,ε,HBE1
1546,6,ε,HBE1
1547,6,ε,HBE1
1548,6,ε,HBE1
1549,6,ε,HBE1
1551,6,ε,HBE1
1552,6,ε,HBE1
1553,6,ε,HBE1
2158,6,ε,HBE1
2159,6,ε,HBE1
2163,6,ε,HBE1
2167,6,ε,HBE1
2418,6,ε,HBE1
2548,6,ε,HBE1
2550,6,ε,HBE1
2551,6,ε,HBE1
2718,6,ε,HBE1
2727,6,ε,HBE1
2813,6,ε,HBE1
3073,6,ε,HBE1
3112,6,ε,HBE1
3185,6,ε,HBE1
3270,6,ε,HBE1
3340,6,ε,HBE1
3570,6,ε,HBE1
3577,6,ε,HBE1
3578,6,ε,HBE1
3606,6,ε,HBE1
3820,6,ε,HBE1
3849,6,ε,HBE1
3868,6,ε,HBE1
3880,6,ε,HBE1
3881,6,ε,HBE1
1460,7,Aγ,HBG1
1461,7,Aγ,HBG1
1462,7,Aγ,HBG1
1463,7,Aγ,HBG1
1464,7,Aγ,HBG1
1465,7,Aγ,HBG1
1466,7,Aγ,HBG1
1467,7,Aγ,HBG1
1468,7,Aγ,HBG1
1469,7,Aγ,HBG1
1470,7,Aγ,HBG1
1471,7,Aγ,HBG1
1472,7,Aγ,HBG1
1473,7,Aγ,HBG1
1474,7,Aγ,HBG1
1475,7,Aγ,HBG1
1476,7,Aγ,HBG1
1477,7,Aγ,HBG1
1478,7,Aγ,HBG1
1479,7,Aγ,HBG1
1480,7,Aγ,HBG1
1481,7,Aγ,HBG1
1482,7,Aγ,HBG1
1483,7,Aγ,HBG1
1484,7,Aγ,HBG1
1485,7,Aγ,HBG1
1486,7,Aγ,HBG1
1487,7,Aγ,HBG1
1488,7,Aγ,HBG1
1489,7,Aγ,HBG1
1490,7,Aγ,HBG1
1491,7,Aγ,HBG1
1492,7,Aγ,HBG1
1498,7,Aγ,HBG1
1504,7,Aγ,HBG1
1519,7,Aγ,HBG1
1520,7,Aγ,HBG1
1521,7,Aγ,HBG1
1522,7,Aγ,HBG1
1523,7,Aγ,HBG1
1524,7,Aγ,HBG1
1525,7,Aγ,HBG1
1526,7,Aγ,HBG1
1527,7,Aγ,HBG1
1528,7,Aγ,HBG1
1530,7,Aγ,HBG1
1531,7,Aγ,HBG1
1532,7,Aγ,HBG1
1533,7,Aγ,HBG1
1534,7,Aγ,HBG1
1535,7,Aγ,HBG1
1536,7,Aγ,HBG1
1537,7,Aγ,HBG1
1539,7,Aγ,HBG1
1541,7,Aγ,HBG1
1542,7,Aγ,HBG1
1544,7,Aγ,HBG1
1545,7,Aγ,HBG1
1546,7,Aγ,HBG1
1547,7,Aγ,HBG1
1548,7,Aγ,HBG1
1549,7,Aγ,HBG1
1551,7,Aγ,HBG1
1552,7,Aγ,HBG1
1553,7,Aγ,HBG1
1565,7,Aγ,HBG1
1566,7,Aγ,HBG1
1567,7,Aγ,HBG1
1568,7,Aγ,HBG1
1569,7,Aγ,HBG1
1570,7,Aγ,HBG1
1571,7,Aγ,HBG1
1572,7,Aγ,HBG1
1573,7,Aγ,HBG1
1574,7,Aγ,HBG1
1575,7,Aγ,HBG1
2149,7,Aγ,HBG1
2158,7,Aγ,HBG1
2159,7,Aγ,HBG1
2163,7,Aγ,HBG1
2167,7,Aγ,HBG1
2301,7,Aγ,HBG1
2302,7,Aγ,HBG1
2396,7,Aγ,HBG1
2415,7,Aγ,HBG1
2418,7,Aγ,HBG1
2453,7,Aγ,HBG1
2498,7,Aγ,HBG1
2548,7,Aγ,HBG1
2550,7,Aγ,HBG1
2551,7,Aγ,HBG1
2556,7,Aγ,HBG1
2800,7,Aγ,HBG1
2801,7,Aγ,HBG1
2945,7,Aγ,HBG1
3025,7,Aγ,HBG1
3073,7,Aγ,HBG1
3103,7,Aγ,HBG1
3104,7,Aγ,HBG1
3112,7,Aγ,HBG1
3158,7,Aγ,HBG1
3159,7,Aγ,HBG1
3270,7,Aγ,HBG1
3320,7,Aγ,HBG1
3321,7,Aγ,HBG1
3340,7,Aγ,HBG1
3436,7,Aγ,HBG1
3570,7,Aγ,HBG1
3574,7,Aγ,HBG1
3577,7,Aγ,HBG1
3578,7,Aγ,HBG1
3606,7,Aγ,HBG1
3675,7,Aγ,HBG1
3812,7,Aγ,HBG1
3814,7,Aγ,HBG1
3835,7,Aγ,HBG1
3849,7,Aγ,HBG1
3865,7,Aγ,HBG1
3868,7,Aγ,HBG1
3869,7,Aγ,HBG1
3871,7,Aγ,HBG1
3887,7,Aγ,HBG1
3892,7,Aγ,HBG1
3917,7,Aγ,HBG1
3920,7,Aγ,HBG1
1406,8,Gγ,HBG2
1407,8,Gγ,HBG2
1409,8,Gγ,HBG2
1410,8,Gγ,HBG2
1412,8,Gγ,HBG2
1413,8,Gγ,HBG2
1414,8,Gγ,HBG2
1415,8,Gγ,HBG2
1416,8,Gγ,HBG2
1417,8,Gγ,HBG2
1418,8,Gγ,HBG2
1419,8,Gγ,HBG2
1420,8,Gγ,HBG2
1421,8,Gγ,HBG2
1422,8,Gγ,HBG2
1423,8,Gγ,HBG2
1424,8,Gγ,HBG2
1425,8,Gγ,HBG2
1426,8,Gγ,HBG2
1427,8,Gγ,HBG2
1428,8,Gγ,HBG2
1429,8,Gγ,HBG2
1430,8,Gγ,HBG2
1431,8,Gγ,HBG2
1432,8,Gγ,HBG2
1433,8,Gγ,HBG2
1434,8,Gγ,HBG2
1435,8,Gγ,HBG2
1436,8,Gγ,HBG2
1437,8,Gγ,HBG2
1438,8,Gγ,HBG2
1439,8,Gγ,HBG2
1440,8,Gγ,HBG2
1441,8,Gγ,HBG2
1442,8,Gγ,HBG2
1443,8,Gγ,HBG2
1444,8,Gγ,HBG2
1445,8,Gγ,HBG2
1446,8,Gγ,HBG2
1447,8,Gγ,HBG2
1448,8,Gγ,HBG2
1449,8,Gγ,HBG2
1450,8,Gγ,HBG2
1451,8,Gγ,HBG2
1453,8,Gγ,HBG2
1454,8,Gγ,HBG2
1455,8,Gγ,HBG2
1456,8,Gγ,HBG2
1457,8,Gγ,HBG2
1458,8,Gγ,HBG2
1459,8,Gγ,HBG2
1534,8,Gγ,HBG2
1535,8,Gγ,HBG2
1536,8,Gγ,HBG2
1537,8,Gγ,HBG2
1538,8,Gγ,HBG2
1539,8,Gγ,HBG2
1541,8,Gγ,HBG2
1542,8,Gγ,HBG2
1544,8,Gγ,HBG2
1545,8,Gγ,HBG2
1546,8,Gγ,HBG2
1547,8,Gγ,HBG2
1548,8,Gγ,HBG2
1549,8,Gγ,HBG2
1551,8,Gγ,HBG2
1552,8,Gγ,HBG2
1553,8,Gγ,HBG2
1554,8,Gγ,HBG2
1555,8,Gγ,HBG2
1556,8,Gγ,HBG2
1557,8,Gγ,HBG2
1558,8,Gγ,HBG2
1559,8,Gγ,HBG2
1560,8,Gγ,HBG2
1561,8,Gγ,HBG2
1562,8,Gγ,HBG2
1563,8,Gγ,HBG2
1564,8,Gγ,HBG2
2127,8,Gγ,HBG2
2149,8,Gγ,HBG2
2158,8,Gγ,HBG2
2159,8,Gγ,HBG2
2163,8,Gγ,HBG2
2167,8,Gγ,HBG2
2300,8,Gγ,HBG2
2394,8,Gγ,HBG2
2395,8,Gγ,HBG2
2418,8,Gγ,HBG2
2427,8,Gγ,HBG2
2428,8,Gγ,HBG2
2435,8,Gγ,HBG2
2449,8,Gγ,HBG2
2450,8,Gγ,HBG2
2459,8,Gγ,HBG2
2471,8,Gγ,HBG2
2548,8,Gγ,HBG2
2550,8,Gγ,HBG2
2551,8,Gγ,HBG2
2552,8,Gγ,HBG2
2804,8,Gγ,HBG2
2825,8,Gγ,HBG2
2826,8,Gγ,HBG2
2874,8,Gγ,HBG2
3073,8,Gγ,HBG2
3105,8,Gγ,HBG2
3112,8,Gγ,HBG2
3160,8,Gγ,HBG2
3161,8,Gγ,HBG2
3162,8,Gγ,HBG2
3270,8,Gγ,HBG2
3272,8,Gγ,HBG2
3319,8,Gγ,HBG2
3322,8,Gγ,HBG2
3340,8,Gγ,HBG2
3369,8,Gγ,HBG2
3389,8,Gγ,HBG2
3411,8,Gγ,HBG2
3435,8,Gγ,HBG2
3436,8,Gγ,HBG2
3566,8,Gγ,HBG2
3570,8,Gγ,HBG2
3577,8,Gγ,HBG2
3578,8,Gγ,HBG2
3596,8,Gγ,HBG2
3606,8,Gγ,HBG2
3608,8,Gγ,HBG2
3675,8,Gγ,HBG2
3790,8,Gγ,HBG2
3803,8,Gγ,HBG2
3804,8,Gγ,HBG2
3813,8,Gγ,HBG2
3815,8,Gγ,HBG2
3816,8,Gγ,HBG2
3849,8,Gγ,HBG2
3868,8,Gγ,HBG2
3869,8,Gγ,HBG2
3871,8,Gγ,HBG2
3891,8,Gγ,HBG2
110,9,δ,HBD
1321,9,δ,HBD
1322,9,δ,HBD
1323,9,δ,HBD
1324,9,δ,HBD
1325,9,δ,HBD
1326,9,δ,HBD
1327,9,δ,HBD
1328,9,δ,HBD
1329,9,δ,HBD
1330,9,δ,HBD
1331,9,δ,HBD
1332,9,δ,HBD
1333,9,δ,HBD
1334,9,δ,HBD
1335,9,δ,HBD
1336,9,δ,HBD
1338,9,δ,HBD
1339,9,δ,HBD
1340,9,δ,HBD
1341,9,δ,HBD
1342,9,δ,HBD
1343,9,δ,HBD
1346,9,δ,HBD
1347,9,δ,HBD
1348,9,δ,HBD
1349,9,δ,HBD
1350,9,δ,HBD
1351,9,δ,HBD
1352,9,δ,HBD
1353,9,δ,HBD
1354,9,δ,HBD
1355,9,δ,HBD
1356,9,δ,HBD
1357,9,δ,HBD
1358,9,δ,HBD
1359,9,δ,HBD
1360,9,δ,HBD
1361,9,δ,HBD
1363,9,δ,HBD
1364,9,δ,HBD
1365,9,δ,HBD
1366,9,δ,HBD
1367,9,δ,HBD
1368,9,δ,HBD
1369,9,δ,HBD
1370,9,δ,HBD
1371,9,δ,HBD
1372,9,δ,HBD
1373,9,δ,HBD
1374,9,δ,HBD
1375,9,δ,HBD
1376,9,δ,HBD
1377,9,δ,HBD
1378,9,δ,HBD
1379,9,δ,HBD
1380,9,δ,HBD
1382,9,δ,HBD
1383,9,δ,HBD
1384,9,δ,HBD
1385,9,δ,HBD
1386,9,δ,HBD
1387,9,δ,HBD
1388,9,δ,HBD
1389,9,δ,HBD
1390,9,δ,HBD
1391,9,δ,HBD
1392,9,δ,HBD
1393,9,δ,HBD
1394,9,δ,HBD
1396,9,δ,HBD
1397,9,δ,HBD
1398,9,δ,HBD
1399,9,δ,HBD
1400,9,δ,HBD
1401,9,δ,HBD
1402,9,δ,HBD
1403,9,δ,HBD
1404,9,δ,HBD
1405,9,δ,HBD
1497,9,δ,HBD
1498,9,δ,HBD
1499,9,δ,HBD
1500,9,δ,HBD
1501,9,δ,HBD
1502,9,δ,HBD
1503,9,δ,HBD
1504,9,δ,HBD
1506,9,δ,HBD
1507,9,δ,HBD
1508,9,δ,HBD
1509,9,δ,HBD
1510,9,δ,HBD
1511,9,δ,HBD
1512,9,δ,HBD
1513,9,δ,HBD
1514,9,δ,HBD
1515,9,δ,HBD
1516,9,δ,HBD
1517,9,δ,HBD
1518,9,δ,HBD
1519,9,δ,HBD
1520,9,δ,HBD
1521,9,δ,HBD
1522,9,δ,HBD
1523,9,δ,HBD
1524,9,δ,HBD
1525,9,δ,HBD
1526,9,δ,HBD
1527,9,δ,HBD
1528,9,δ,HBD
1530,9,δ,HBD
1531,9,δ,HBD
1532,9,δ,HBD
1533,9,δ,HBD
1534,9,δ,HBD
1535,9,δ,HBD
1536,9,δ,HBD
1537,9,δ,HBD
1539,9,δ,HBD
1541,9,δ,HBD
1542,9,δ,HBD
1544,9,δ,HBD
1545,9,δ,HBD
1546,9,δ,HBD
1547,9,δ,HBD
1551,9,δ,HBD
1552,9,δ,HBD
1553,9,δ,HBD
2090,9,δ,HBD
2092,9,δ,HBD
2149,9,δ,HBD
2154,9,δ,HBD
2155,9,δ,HBD
2156,9,δ,HBD
2158,9,δ,HBD
2159,9,δ,HBD
2163,9,δ,HBD
2167,9,δ,HBD
2201,9,δ,HBD
2202,9,δ,HBD
2292,9,δ,HBD
2299,9,δ,HBD
2309,9,δ,HBD
2320,9,δ,HBD
2324,9,δ,HBD
2325,9,δ,HBD
2328,9,δ,HBD
2329,9,δ,HBD
2349,9,δ,HBD
2354,9,δ,HBD
2363,9,δ,HBD
2378,9,δ,HBD
2392,9,δ,HBD
2418,9,δ,HBD
2419,9,δ,HBD
2421,9,δ,HBD
2425,9,δ,HBD
2426,9,δ,HBD
2437,9,δ,HBD
2447,9,δ,HBD
2448,9,δ,HBD
2473,9,δ,HBD
2476,9,δ,HBD
2477,9,δ,HBD
2482,9,δ,HBD
2497,9,δ,HBD
2498,9,δ,HBD
2520,9,δ,HBD
2521,9,δ,HBD
2524,9,δ,HBD
2548,9,δ,HBD
2550,9,δ,HBD
2551,9,δ,HBD
2560,9,δ,HBD
2563,9,δ,HBD
2573,9,δ,HBD
2574,9,δ,HBD
2575,9,δ,HBD
2799,9,δ,HBD
2806,9,δ,HBD
2989,9,δ,HBD
3002,9,δ,HBD
3003,9,δ,HBD
3058,9,δ,HBD
3073,9,δ,HBD
3112,9,δ,HBD
3187,9,δ,HBD
3222,9,δ,HBD
3223,9,δ,HBD
3229,9,δ,HBD
3230,9,δ,HBD
3231,9,δ,HBD
3232,9,δ,HBD
3233,9,δ,HBD
3234,9,δ,HBD
3235,9,δ,HBD
3236,9,δ,HBD
3237,9,δ,HBD
3238,9,δ,HBD
3239,9,δ,HBD
3240,9,δ,HBD
3241,9,δ,HBD
3242,9,δ,HBD
3243,9,δ,HBD
3256,9,δ,HBD
3269,9,δ,HBD
3270,9,δ,HBD
3307,9,δ,HBD
3314,9,δ,HBD
3315,9,δ,HBD
3316,9,δ,HBD
3317,9,δ,HBD
3318,9,δ,HBD
3335,9,δ,HBD
3336,9,δ,HBD
3340,9,δ,HBD
3366,9,δ,HBD
3372,9,δ,HBD
3376,9,δ,HBD
3383,9,δ,HBD
3387,9,δ,HBD
3390,9,δ,HBD
3394,9,δ,HBD
3406,9,δ,HBD
3441,9,δ,HBD
3490,9,δ,HBD
3495,9,δ,HBD
3496,9,δ,HBD
3546,9,δ,HBD
3547,9,δ,HBD
3570,9,δ,HBD
3578,9,δ,HBD
3598,9,δ,HBD
3601,9,δ,HBD
3602,9,δ,HBD
3617,9,δ,HBD
3628,9,δ,HBD
3675,9,δ,HBD
3787,9,δ,HBD
3792,9,δ,HBD
3806,9,δ,HBD
3835,9,δ,HBD
3842,9,δ,HBD
3843,9,δ,HBD
3844,9,δ,HBD
3849,9,δ,HBD
3867,9,δ,HBD
3868,9,δ,HBD
3869,9,δ,HBD
3870,9,δ,HBD
3871,9,δ,HBD
3882,9,δ,HBD
3883,9,δ,HBD
1,10,β,HBB
2,10,β,HBB
3,10,β,HBB
4,10,β,HBB
5,10,β,HBB
6,10,β,HBB
7,10,β,HBB
8,10,β,HBB
9,10,β,HBB
10,10,β,HBB
11,10,β,HBB
12,10,β,HBB
13,10,β,HBB
14,10,β,HBB
15,10,β,HBB
16,10,β,HBB
17,10,β,HBB
18,10,β,HBB
19,10,β,HBB
20,10,β,HBB
21,10,β,HBB
22,10,β,HBB
23,10,β,HBB
24,10,β,HBB
25,10,β,HBB
26,10,β,HBB
28,10,β,HBB
29,10,β,HBB
30,10,β,HBB
31,10,β,HBB
32,10,β,HBB
33,10,β,HBB
34,10,β,HBB
35,10,β,HBB
36,10,β,HBB
37,10,β,HBB
38,10,β,HBB
39,10,β,HBB
40,10,β,HBB
41,10,β,HBB
42,10,β,HBB
43,10,β,HBB
44,10,β,HBB
45,10,β,HBB
46,10,β,HBB
47,10,β,HBB
48,10,β,HBB
49,10,β,HBB
50,10,β,HBB
51,10,β,HBB
52,10,β,HBB
53,10,β,HBB
54,10,β,HBB
55,10,β,HBB
56,10,β,HBB
57,10,β,HBB
58,10,β,HBB
59,10,β,HBB
60,10,β,HBB
61,10,β,HBB
62,10,β,HBB
63,10,β,HBB
64,10,β,HBB
65,10,β,HBB
66,10,β,HBB
67,10,β,HBB
68,10,β,HBB
69,10,β,HBB
70,10,β,HBB
71,10,β,HBB
72,10,β,HBB
73,10,β,HBB
74,10,β,HBB
75,10,β,HBB
76,10,β,HBB
77,10,β,HBB
78,10,β,HBB
79,10,β,HBB
80,10,β,HBB
81,10,β,HBB
83,10,β,HBB
84,10,β,HBB
85,10,β,HBB
86,10,β,HBB
87,10,β,HBB
88,10,β,HBB
89,10,β,HBB
90,10,β,HBB
91,10,β,HBB
92,10,β,HBB
93,10,β,HBB
94,10,β,HBB
95,10,β,HBB
96,10,β,HBB
97,10,β,HBB
98,10,β,HBB
99,10,β,HBB
100,10,β,HBB
101,10,β,HBB
102,10,β,HBB
103,10,β,HBB
104,10,β,HBB
105,10,β,HBB
106,10,β,HBB
107,10,β,HBB
108,10,β,HBB
109,10,β,HBB
110,10,β,HBB
111,10,β,HBB
112,10,β,HBB
113,10,β,HBB
114,10,β,HBB
115,10,β,HBB
116,10,β,HBB
117,10,β,HBB
118,10,β,HBB
119,10,β,HBB
120,10,β,HBB
121,10,β,HBB
124,10,β,HBB
125,10,β,HBB
126,10,β,HBB
127,10,β,HBB
128,10,β,HBB
129,10,β,HBB
130,10,β,HBB
131,10,β,HBB
132,10,β,HBB
133,10,β,HBB
134,10,β,HBB
135,10,β,HBB
136,10,β,HBB
137,10,β,HBB
138,10,β,HBB
139,10,β,HBB
140,10,β,HBB
141,10,β,HBB
142,10,β,HBB
143,10,β,HBB
144,10,β,HBB
145,10,β,HBB
146,10,β,HBB
147,10,β,HBB
148,10,β,HBB
149,10,β,HBB
150,10,β,HBB
151,10,β,HBB
152,10,β,HBB
153,10,β,HBB
154,10,β,HBB
155,10,β,HBB
156,10,β,HBB
157,10,β,HBB
158,10,β,HBB
159,10,β,HBB
160,10,β,HBB
161,10,β,HBB
162,10,β,HBB
163,10,β,HBB
164,10,β,HBB
165,10,β,HBB
166,10,β,HBB
167,10,β,HBB
168,10,β,HBB
169,10,β,HBB
170,10,β,HBB
171,10,β,HBB
172,10,β,HBB
173,10,β,HBB
174,10,β,HBB
175,10,β,HBB
176,10,β,HBB
177,10,β,HBB
178,10,β,HBB
179,10,β,HBB
180,10,β,HBB
181,10,β,HBB
182,10,β,HBB
183,10,β,HBB
184,10,β,HBB
185,10,β,HBB
186,10,β,HBB
187,10,β,HBB
188,10,β,HBB
189,10,β,HBB
190,10,β,HBB
191,10,β,HBB
192,10,β,HBB
193,10,β,HBB
194,10,β,HBB
195,10,β,HBB
196,10,β,HBB
198,10,β,HBB
199,10,β,HBB
200,10,β,HBB
201,10,β,HBB
202,10,β,HBB
203,10,β,HBB
204,10,β,HBB
205,10,β,HBB
206,10,β,HBB
207,10,β,HBB
208,10,β,HBB
209,10,β,HBB
210,10,β,HBB
211,10,β,HBB
212,10,β,HBB
213,10,β,HBB
214,10,β,HBB
215,10,β,HBB
216,10,β,HBB
217,10,β,HBB
218,10,β,HBB
219,10,β,HBB
220,10,β,HBB
221,10,β,HBB
222,10,β,HBB
223,10,β,HBB
224,10,β,HBB
225,10,β,HBB
226,10,β,HBB
227,10,β,HBB
228,10,β,HBB
229,10,β,HBB
230,10,β,HBB
231,10,β,HBB
232,10,β,HBB
233,10,β,HBB
234,10,β,HBB
235,10,β,HBB
236,10,β,HBB
237,10,β,HBB
238,10,β,HBB
239,10,β,HBB
240,10,β,HBB
241,10,β,HBB
242,10,β,HBB
243,10,β,HBB
244,10,β,HBB
245,10,β,HBB
246,10,β,HBB
247,10,β,HBB
248,10,β,HBB
249,10,β,HBB
250,10,β,HBB
252,10,β,HBB
253,10,β,HBB
254,10,β,HBB
255,10,β,HBB
256,10,β,HBB
257,10,β,HBB
258,10,β,HBB
259,10,β,HBB
260,10,β,HBB
261,10,β,HBB
262,10,β,HBB
263,10,β,HBB
264,10,β,HBB
265,10,β,HBB
267,10,β,HBB
268,10,β,HBB
269,10,β,HBB
270,10,β,HBB
271,10,β,HBB
272,10,β,HBB
273,10,β,HBB
274,10,β,HBB
275,10,β,HBB
276,10,β,HBB
277,10,β,HBB
278,10,β,HBB
280,10,β,HBB
281,10,β,HBB
282,10,β,HBB
283,10,β,HBB
284,10,β,HBB
285,10,β,HBB
286,10,β,HBB
288,10,β,HBB
289,10,β,HBB
290,10,β,HBB
291,10,β,HBB
292,10,β,HBB
293,10,β,HBB
294,10,β,HBB
295,10,β,HBB
296,10,β,HBB
298,10,β,HBB
299,10,β,HBB
790,10,β,HBB
791,10,β,HBB
792,10,β,HBB
793,10,β,HBB
794,10,β,HBB
795,10,β,HBB
796,10,β,HBB
797,10,β,HBB
799,10,β,HBB
800,10,β,HBB
802,10,β,HBB
803,10,β,HBB
804,10,β,HBB
805,10,β,HBB
806,10,β,HBB
807,10,β,HBB
808,10,β,HBB
809,10,β,HBB
810,10,β,HBB
811,10,β,HBB
812,10,β,HBB
813,10,β,HBB
814,10,β,HBB
815,10,β,HBB
816,10,β,HBB
817,10,β,HBB
818,10,β,HBB
819,10,β,HBB
820,10,β,HBB
821,10,β,HBB
822,10,β,HBB
823,10,β,HBB
824,10,β,HBB
825,10,β,HBB
826,10,β,HBB
827,10,β,HBB
828,10,β,HBB
829,10,β,HBB
830,10,β,HBB
831,10,β,HBB
832,10,β,HBB
833,10,β,HBB
834,10,β,HBB
835,10,β,HBB
836,10,β,HBB
837,10,β,HBB
838,10,β,HBB
839,10,β,HBB
840,10,β,HBB
841,10,β,HBB
842,10,β,HBB
843,10,β,HBB
844,10,β,HBB
845,10,β,HBB
847,10,β,HBB
848,10,β,HBB
849,10,β,HBB
850,10,β,HBB
851,10,β,HBB
852,10,β,HBB
853,10,β,HBB
854,10,β,HBB
855,10,β,HBB
856,10,β,HBB
857,10,β,HBB
858,10,β,HBB
859,10,β,HBB
860,10,β,HBB
861,10,β,HBB
863,10,β,HBB
864,10,β,HBB
865,10,β,HBB
866,10,β,HBB
867,10,β,HBB
868,10,β,HBB
869,10,β,HBB
870,10,β,HBB
871,10,β,HBB
872,10,β,HBB
873,10,β,HBB
874,10,β,HBB
875,10,β,HBB
876,10,β,HBB
877,10,β,HBB
878,10,β,HBB
879,10,β,HBB
880,10,β,HBB
881,10,β,HBB
882,10,β,HBB
883,10,β,HBB
885,10,β,HBB
886,10,β,HBB
887,10,β,HBB
888,10,β,HBB
889,10,β,HBB
891,10,β,HBB
892,10,β,HBB
893,10,β,HBB
894,10,β,HBB
895,10,β,HBB
897,10,β,HBB
898,10,β,HBB
899,10,β,HBB
900,10,β,HBB
901,10,β,HBB
902,10,β,HBB
904,10,β,HBB
905,10,β,HBB
907,10,β,HBB
908,10,β,HBB
909,10,β,HBB
910,10,β,HBB
911,10,β,HBB
912,10,β,HBB
913,10,β,HBB
915,10,β,HBB
916,10,β,HBB
919,10,β,HBB
920,10,β,HBB
921,10,β,HBB
922,10,β,HBB
923,10,β,HBB
924,10,β,HBB
925,10,β,HBB
926,10,β,HBB
927,10,β,HBB
928,10,β,HBB
929,10,β,HBB
930,10,β,HBB
931,10,β,HBB
932,10,β,HBB
933,10,β,HBB
934,10,β,HBB
935,10,β,HBB
936,10,β,HBB
937,10,β,HBB
938,10,β,HBB
939,10,β,HBB
940,10,β,HBB
941,10,β,HBB
942,10,β,HBB
943,10,β,HBB
944,10,β,HBB
945,10,β,HBB
946,10,β,HBB
947,10,β,HBB
948,10,β,HBB
949,10,β,HBB
950,10,β,HBB
951,10,β,HBB
952,10,β,HBB
953,10,β,HBB
954,10,β,HBB
955,10,β,HBB
956,10,β,HBB
957,10,β,HBB
958,10,β,HBB
959,10,β,HBB
960,10,β,HBB
961,10,β,HBB
962,10,β,HBB
963,10,β,HBB
964,10,β,HBB
965,10,β,HBB
966,10,β,HBB
967,10,β,HBB
968,10,β,HBB
969,10,β,HBB
970,10,β,HBB
971,10,β,HBB
972,10,β,HBB
973,10,β,HBB
974,10,β,HBB
975,10,β,HBB
976,10,β,HBB
977,10,β,HBB
978,10,β,HBB
979,10,β,HBB
980,10,β,HBB
982,10,β,HBB
983,10,β,HBB
984,10,β,HBB
985,10,β,HBB
986,10,β,HBB
987,10,β,HBB
988,10,β,HBB
989,10,β,HBB
990,10,β,HBB
991,10,β,HBB
992,10,β,HBB
993,10,β,HBB
994,10,β,HBB
995,10,β,HBB
996,10,β,HBB
997,10,β,HBB
998,10,β,HBB
999,10,β,HBB
1000,10,β,HBB
1002,10,β,HBB
1003,10,β,HBB
1004,10,β,HBB
1005,10,β,HBB
1006,10,β,HBB
1007,10,β,HBB
1008,10,β,HBB
1009,10,β,HBB
1010,10,β,HBB
1011,10,β,HBB
1012,10,β,HBB
1013,10,β,HBB
1014,10,β,HBB
1015,10,β,HBB
1016,10,β,HBB
1017,10,β,HBB
1018,10,β,HBB
1019,10,β,HBB
1020,10,β,HBB
1021,10,β,HBB
1022,10,β,HBB
1023,10,β,HBB
1024,10,β,HBB
1025,10,β,HBB
1026,10,β,HBB
1027,10,β,HBB
1028,10,β,HBB
1029,10,β,HBB
1030,10,β,HBB
1031,10,β,HBB
1032,10,β,HBB
1033,10,β,HBB
1034,10,β,HBB
1035,10,β,HBB
1036,10,β,HBB
1037,10,β,HBB
1038,10,β,HBB
1039,10,β,HBB
1040,10,β,HBB
1041,10,β,HBB
1042,10,β,HBB
1043,10,β,HBB
1044,10,β,HBB
1045,10,β,HBB
1046,10,β,HBB
1047,10,β,HBB
1048,10,β,HBB
1049,10,β,HBB
1050,10,β,HBB
1051,10,β,HBB
1052,10,β,HBB
1053,10,β,HBB
1054,10,β,HBB
1055,10,β,HBB
1056,10,β,HBB
1057,10,β,HBB
1058,10,β,HBB
1059,10,β,HBB
1060,10,β,HBB
1061,10,β,HBB
1062,10,β,HBB
1063,10,β,HBB
1064,10,β,HBB
1065,10,β,HBB
1066,10,β,HBB
1067,10,β,HBB
1068,10,β,HBB
1069,10,β,HBB
1070,10,β,HBB
1071,10,β,HBB
1072,10,β,HBB
1073,10,β,HBB
1074,10,β,HBB
1075,10,β,HBB
1076,10,β,HBB
1077,10,β,HBB
1078,10,β,HBB
1079,10,β,HBB
1080,10,β,HBB
1081,10,β,HBB
1082,10,β,HBB
1083,10,β,HBB
1084,10,β,HBB
1085,10,β,HBB
1086,10,β,HBB
1087,10,β,HBB
1088,10,β,HBB
1089,10,β,HBB
1090,10,β,HBB
1091,10,β,HBB
1092,10,β,HBB
1093,10,β,HBB
1094,10,β,HBB
1095,10,β,HBB
1096,10,β,HBB
1097,10,β,HBB
1098,10,β,HBB
1099,10,β,HBB
1100,10,β,HBB
1101,10,β,HBB
1102,10,β,HBB
1103,10,β,HBB
1104,10,β,HBB
1105,10,β,HBB
1106,10,β,HBB
1107,10,β,HBB
1108,10,β,HBB
1109,10,β,HBB
1110,10,β,HBB
1111,10,β,HBB
1112,10,β,HBB
1114,10,β,HBB
1115,10,β,HBB
1116,10,β,HBB
1117,10,β,HBB
1118,10,β,HBB
1119,10,β,HBB
1120,10,β,HBB
1121,10,β,HBB
1122,10,β,HBB
1123,10,β,HBB
1124,10,β,HBB
1125,10,β,HBB
1126,10,β,HBB
1127,10,β,HBB
1128,10,β,HBB
1129,10,β,HBB
1130,10,β,HBB
1131,10,β,HBB
1132,10,β,HBB
1133,10,β,HBB
1134,10,β,HBB
1135,10,β,HBB
1136,10,β,HBB
1137,10,β,HBB
1138,10,β,HBB
1139,10,β,HBB
1140,10,β,HBB
1141,10,β,HBB
1142,10,β,HBB
1143,10,β,HBB
1144,10,β,HBB
1145,10,β,HBB
1146,10,β,HBB
1147,10,β,HBB
1148,10,β,HBB
1149,10,β,HBB
1150,10,β,HBB
1151,10,β,HBB
1152,10,β,HBB
1153,10,β,HBB
1154,10,β,HBB
1155,10,β,HBB
1156,10,β,HBB
1157,10,β,HBB
1158,10,β,HBB
1159,10,β,HBB
1161,10,β,HBB
1162,10,β,HBB
1163,10,β,HBB
1166,10,β,HBB
1167,10,β,HBB
1168,10,β,HBB
1169,10,β,HBB
1170,10,β,HBB
1171,10,β,HBB
1172,10,β,HBB
1173,10,β,HBB
1174,10,β,HBB
1176,10,β,HBB
1177,10,β,HBB
1179,10,β,HBB
1180,10,β,HBB
1181,10,β,HBB
1182,10,β,HBB
1183,10,β,HBB
1184,10,β,HBB
1185,10,β,HBB
1186,10,β,HBB
1187,10,β,HBB
1188,10,β,HBB
1190,10,β,HBB
1192,10,β,HBB
1193,10,β,HBB
1195,10,β,HBB
1196,10,β,HBB
1197,10,β,HBB
1198,10,β,HBB
1199,10,β,HBB
1200,10,β,HBB
1201,10,β,HBB
1202,10,β,HBB
1203,10,β,HBB
1204,10,β,HBB
1205,10,β,HBB
1207,10,β,HBB
1208,10,β,HBB
1209,10,β,HBB
1210,10,β,HBB
1211,10,β,HBB
1212,10,β,HBB
1213,10,β,HBB
1214,10,β,HBB
1215,10,β,HBB
1216,10,β,HBB
1217,10,β,HBB
1218,10,β,HBB
1219,10,β,HBB
1220,10,β,HBB
1221,10,β,HBB
1222,10,β,HBB
1223,10,β,HBB
1225,10,β,HBB
1226,10,β,HBB
1227,10,β,HBB
1228,10,β,HBB
1229,10,β,HBB
1230,10,β,HBB
1231,10,β,HBB
1233,10,β,HBB
1234,10,β,HBB
1235,10,β,HBB
1236,10,β,HBB
1237,10,β,HBB
1241,10,β,HBB
1242,10,β,HBB
1243,10,β,HBB
1244,10,β,HBB
1245,10,β,HBB
1246,10,β,HBB
1247,10,β,HBB
1248,10,β,HBB
1249,10,β,HBB
1250,10,β,HBB
1251,10,β,HBB
1252,10,β,HBB
1253,10,β,HBB
1254,10,β,HBB
1255,10,β,HBB
1256,10,β,HBB
1257,10,β,HBB
1258,10,β,HBB
1259,10,β,HBB
1260,10,β,HBB
1261,10,β,HBB
1262,10,β,HBB
1263,10,β,HBB
1264,10,β,HBB
1265,10,β,HBB
1266,10,β,HBB
1267,10,β,HBB
1268,10,β,HBB
1269,10,β,HBB
1270,10,β,HBB
1271,10,β,HBB
1272,10,β,HBB
1274,10,β,HBB
1275,10,β,HBB
1276,10,β,HBB
1277,10,β,HBB
1278,10,β,HBB
1279,10,β,HBB
1280,10,β,HBB
1281,10,β,HBB
1282,10,β,HBB
1283,10,β,HBB
1284,10,β,HBB
1285,10,β,HBB
1287,10,β,HBB
1288,10,β,HBB
1289,10,β,HBB
1290,10,β,HBB
1291,10,β,HBB
1292,10,β,HBB
1293,10,β,HBB
1294,10,β,HBB
1295,10,β,HBB
1296,10,β,HBB
1297,10,β,HBB
1298,10,β,HBB
1299,10,β,HBB
1300,10,β,HBB
1301,10,β,HBB
1302,10,β,HBB
1303,10,β,HBB
1304,10,β,HBB
1305,10,β,HBB
1306,10,β,HBB
1307,10,β,HBB
1308,10,β,HBB
1309,10,β,HBB
1310,10,β,HBB
1311,10,β,HBB
1312,10,β,HBB
1313,10,β,HBB
1314,10,β,HBB
1315,10,β,HBB
1316,10,β,HBB
1317,10,β,HBB
1318,10,β,HBB
1319,10,β,HBB
1320,10,β,HBB
1396,10,β,HBB
1397,10,β,HBB
1398,10,β,HBB
1399,10,β,HBB
1400,10,β,HBB
1401,10,β,HBB
1402,10,β,HBB
1403,10,β,HBB
1404,10,β,HBB
1405,10,β,HBB
1498,10,β,HBB
1499,10,β,HBB
1500,10,β,HBB
1501,10,β,HBB
1502,10,β,HBB
1503,10,β,HBB
1504,10,β,HBB
1505,10,β,HBB
1506,10,β,HBB
1507,10,β,HBB
1508,10,β,HBB
1509,10,β,HBB
1510,10,β,HBB
1511,10,β,HBB
1512,10,β,HBB
1513,10,β,HBB
1514,10,β,HBB
1515,10,β,HBB
1516,10,β,HBB
1517,10,β,HBB
1518,10,β,HBB
1519,10,β,HBB
1520,10,β,HBB
1521,10,β,HBB
1522,10,β,HBB
1523,10,β,HBB
1524,10,β,HBB
1525,10,β,HBB
1526,10,β,HBB
1527,10,β,HBB
1528,10,β,HBB
1530,10,β,HBB
1531,10,β,HBB
1532,10,β,HBB
1533,10,β,HBB
1534,10,β,HBB
1535,10,β,HBB
1536,10,β,HBB
1537,10,β,HBB
1539,10,β,HBB
1541,10,β,HBB
1544,10,β,HBB
1545,10,β,HBB
1546,10,β,HBB
1547,10,β,HBB
1551,10,β,HBB
1552,10,β,HBB
1553,10,β,HBB
2024,10,β,HBB
2036,10,β,HBB
2037,10,β,HBB
2039,10,β,HBB
2040,10,β,HBB
2041,10,β,HBB
2044,10,β,HBB
2045,10,β,HBB
2046,10,β,HBB
2047,10,β,HBB
2048,10,β,HBB
2049,10,β,HBB
2050,10,β,HBB
2051,10,β,HBB
2053,10,β,HBB
2054,10,β,HBB
2055,10,β,HBB
2056,10,β,HBB
2058,10,β,HBB
2059,10,β,HBB
2060,10,β,HBB
2061,10,β,HBB
2063,10,β,HBB
2064,10,β,HBB
2122,10,β,HBB
2123,10,β,HBB
2124,10,β,HBB
2125,10,β,HBB
2149,10,β,HBB
2150,10,β,HBB
2153,10,β,HBB
2154,10,β,HBB
2155,10,β,HBB
2156,10,β,HBB
2157,10,β,HBB
2158,10,β,HBB
2159,10,β,HBB
2167,10,β,HBB
2171,10,β,HBB
2172,10,β,HBB
2173,10,β,HBB
2174,10,β,HBB
2175,10,β,HBB
2176,10,β,HBB
2177,10,β,HBB
2178,10,β,HBB
2179,10,β,HBB
2180,10,β,HBB
2181,10,β,HBB
2182,10,β,HBB
2183,10,β,HBB
2184,10,β,HBB
2185,10,β,HBB
2187,10,β,HBB
2188,10,β,HBB
2189,10,β,HBB
2190,10,β,HBB
2191,10,β,HBB
2192,10,β,HBB
2193,10,β,HBB
2194,10,β,HBB
2195,10,β,HBB
2196,10,β,HBB
2197,10,β,HBB
2198,10,β,HBB
2200,10,β,HBB
2279,10,β,HBB
2280,10,β,HBB
2282,10,β,HBB
2283,10,β,HBB
2284,10,β,HBB
2297,10,β,HBB
2298,10,β,HBB
2307,10,β,HBB
2321,10,β,HBB
2326,10,β,HBB
2327,10,β,HBB
2330,10,β,HBB
2331,10,β,HBB
2332,10,β,HBB
2333,10,β,HBB
2334,10,β,HBB
2359,10,β,HBB
2364,10,β,HBB
2374,10,β,HBB
2379,10,β,HBB
2382,10,β,HBB
2387,10,β,HBB
2389,10,β,HBB
2391,10,β,HBB
2393,10,β,HBB
2399,10,β,HBB
2400,10,β,HBB
2401,10,β,HBB
2403,10,β,HBB
2404,10,β,HBB
2405,10,β,HBB
2406,10,β,HBB
2407,10,β,HBB
2410,10,β,HBB
2411,10,β,HBB
2412,10,β,HBB
2413,10,β,HBB
2418,10,β,HBB
2419,10,β,HBB
2422,10,β,HBB
2432,10,β,HBB
2434,10,β,HBB
2440,10,β,HBB
2441,10,β,HBB
2442,10,β,HBB
2443,10,β,HBB
2445,10,β,HBB
2452,10,β,HBB
2454,10,β,HBB
2456,10,β,HBB
2461,10,β,HBB
2462,10,β,HBB
2463,10,β,HBB
2464,10,β,HBB
2478,10,β,HBB
2490,10,β,HBB
2491,10,β,HBB
2492,10,β,HBB
2494,10,β,HBB
2495,10,β,HBB
2496,10,β,HBB
2497,10,β,HBB
2498,10,β,HBB
2522,10,β,HBB
2523,10,β,HBB
2525,10,β,HBB
2531,10,β,HBB
2533,10,β,HBB
2534,10,β,HBB
2536,10,β,HBB
2537,10,β,HBB
2542,10,β,HBB
2543,10,β,HBB
2544,10,β,HBB
2545,10,β,HBB
2546,10,β,HBB
2548,10,β,HBB
2550,10,β,HBB
2551,10,β,HBB
2553,10,β,HBB
2564,10,β,HBB
2565,10,β,HBB
2816,10,β,HBB
2869,10,β,HBB
2954,10,β,HBB
2958,10,β,HBB
2959,10,β,HBB
2960,10,β,HBB
2961,10,β,HBB
2962,10,β,HBB
2963,10,β,HBB
2964,10,β,HBB
2965,10,β,HBB
2966,10,β,HBB
2969,10,β,HBB
2972,10,β,HBB
2973,10,β,HBB
2974,10,β,HBB
2975,10,β,HBB
2976,10,β,HBB
2990,10,β,HBB
2994,10,β,HBB
2997,10,β,HBB
2998,10,β,HBB
3001,10,β,HBB
3004,10,β,HBB
3005,10,β,HBB
3007,10,β,HBB
3008,10,β,HBB
3009,10,β,HBB
3011,10,β,HBB
3012,10,β,HBB
3013,10,β,HBB
3014,10,β,HBB
3019,10,β,HBB
3023,10,β,HBB
3024,10,β,HBB
3034,10,β,HBB
3035,10,β,HBB
3044,10,β,HBB
3045,10,β,HBB
3046,10,β,HBB
3048,10,β,HBB
3057,10,β,HBB
3059,10,β,HBB
3060,10,β,HBB
3061,10,β,HBB
3062,10,β,HBB
3065,10,β,HBB
3066,10,β,HBB
3069,10,β,HBB
3073,10,β,HBB
3077,10,β,HBB
3081,10,β,HBB
3112,10,β,HBB
3133,10,β,HBB
3180,10,β,HBB
3189,10,β,HBB
3224,10,β,HBB
3225,10,β,HBB
3226,10,β,HBB
3227,10,β,HBB
3228,10,β,HBB
3246,10,β,HBB
3247,10,β,HBB
3248,10,β,HBB
3249,10,β,HBB
3253,10,β,HBB
3270,10,β,HBB
3276,10,β,HBB
3277,10,β,HBB
3278,10,β,HBB
3282,10,β,HBB
3287,10,β,HBB
3288,10,β,HBB
3297,10,β,HBB
3298,10,β,HBB
3299,10,β,HBB
3306,10,β,HBB
3307,10,β,HBB
3308,10,β,HBB
3309,10,β,HBB
3310,10,β,HBB
3311,10,β,HBB
3313,10,β,HBB
3323,10,β,HBB
3324,10,β,HBB
3325,10,β,HBB
3340,10,β,HBB
3342,10,β,HBB
3345,10,β,HBB
3359,10,β,HBB
3361,10,β,HBB
3364,10,β,HBB
3367,10,β,HBB
3368,10,β,HBB
3370,10,β,HBB
3371,10,β,HBB
3374,10,β,HBB
3375,10,β,HBB
3377,10,β,HBB
3384,10,β,HBB
3385,10,β,HBB
3386,10,β,HBB
3388,10,β,HBB
3390,10,β,HBB
3391,10,β,HBB
3392,10,β,HBB
3393,10,β,HBB
3394,10,β,HBB
3398,10,β,HBB
3399,10,β,HBB
3400,10,β,HBB
3401,10,β,HBB
3409,10,β,HBB
3437,10,β,HBB
3443,10,β,HBB
3444,10,β,HBB
3445,10,β,HBB
3446,10,β,HBB
3464,10,β,HBB
3483,10,β,HBB
3484,10,β,HBB
3494,10,β,HBB
3513,10,β,HBB
3555,10,β,HBB
3556,10,β,HBB
3558,10,β,HBB
3559,10,β,HBB
3561,10,β,HBB
3562,10,β,HBB
3563,10,β,HBB
3565,10,β,HBB
3567,10,β,HBB
3570,10,β,HBB
3571,10,β,HBB
3573,10,β,HBB
3576,10,β,HBB
3578,10,β,HBB
3582,10,β,HBB
3586,10,β,HBB
3589,10,β,HBB
3593,10,β,HBB
3594,10,β,HBB
3597,10,β,HBB
3600,10,β,HBB
3605,10,β,HBB
3609,10,β,HBB
3616,10,β,HBB
3627,10,β,HBB
3629,10,β,HBB
3633,10,β,HBB
3634,10,β,HBB
3635,10,β,HBB
3636,10,β,HBB
3651,10,β,HBB
3671,10,β,HBB
3672,10,β,HBB
3673,10,β,HBB
3674,10,β,HBB
3675,10,β,HBB
3676,10,β,HBB
3677,10,β,HBB
3678,10,β,HBB
3679,10,β,HBB
3680,10,β,HBB
3681,10,β,HBB
3682,10,β,HBB
3683,10,β,HBB
3686,10,β,HBB
3687,10,β,HBB
3688,10,β,HBB
3689,10,β,HBB
3690,10,β,HBB
3692,10,β,HBB
3697,10,β,HBB
3700,10,β,HBB
3710,10,β,HBB
3721,10,β,HBB
3722,10,β,HBB
3747,10,β,HBB
3750,10,β,HBB
3752,10,β,HBB
3771,10,β,HBB
3772,10,β,HBB
3773,10,β,HBB
3774,10,β,HBB
3775,10,β,HBB
3776,10,β,HBB
3777,10,β,HBB
3778,10,β,HBB
3779,10,β,HBB
3780,10,β,HBB
3781,10,β,HBB
3784,10,β,HBB
3786,10,β,HBB
3792,10,β,HBB
3793,10,β,HBB
3795,10,β,HBB
3796,10,β,HBB
3797,10,β,HBB
3798,10,β,HBB
3799,10,β,HBB
3817,10,β,HBB
3823,10,β,HBB
3835,10,β,HBB
3846,10,β,HBB
3847,10,β,HBB
3849,10,β,HBB
3850,10,β,HBB
3851,10,β,HBB
3854,10,β,HBB
3855,10,β,HBB
3860,10,β,HBB
3863,10,β,HBB
3866,10,β,HBB
3867,10,β,HBB
3869,10,β,HBB
3871,10,β,HBB
3876,10,β,HBB
3878,10,β,HBB
3888,10,β,HBB
3896,10,β,HBB
3918,10,β,HBB
3919,10,β,HBB
3925,10,β,HBB
3926,10,β,HBB
3927,10,β,HBB
3928,10,β,HBB
3929,10,β,HBB
3930,10,β,HBB
3931,10,β,HBB
3932,10,β,HBB
3933,10,β,HBB
3934,10,β,HBB
3940,10,β,HBB
401,11,α1 or α2,HBA1 or HBA2
415,11,α1 or α2,HBA1 or HBA2
432,11,α1 or α2,HBA1 or HBA2
433,11,α1 or α2,HBA1 or HBA2
436,11,α1 or α2,HBA1 or HBA2
440,11,α1 or α2,HBA1 or HBA2
443,11,α1 or α2,HBA1 or HBA2
446,11,α1 or α2,HBA1 or HBA2
448,11,α1 or α2,HBA1 or HBA2
449,11,α1 or α2,HBA1 or HBA2
452,11,α1 or α2,HBA1 or HBA2
455,11,α1 or α2,HBA1 or HBA2
459,11,α1 or α2,HBA1 or HBA2
460,11,α1 or α2,HBA1 or HBA2
462,11,α1 or α2,HBA1 or HBA2
472,11,α1 or α2,HBA1 or HBA2
474,11,α1 or α2,HBA1 or HBA2
475,11,α1 or α2,HBA1 or HBA2
477,11,α1 or α2,HBA1 or HBA2
478,11,α1 or α2,HBA1 or HBA2
483,11,α1 or α2,HBA1 or HBA2
486,11,α1 or α2,HBA1 or HBA2
487,11,α1 or α2,HBA1 or HBA2
488,11,α1 or α2,HBA1 or HBA2
489,11,α1 or α2,HBA1 or HBA2
498,11,α1 or α2,HBA1 or HBA2
516,11,α1 or α2,HBA1 or HBA2
519,11,α1 or α2,HBA1 or HBA2
525,11,α1 or α2,HBA1 or HBA2
527,11,α1 or α2,HBA1 or HBA2
532,11,α1 or α2,HBA1 or HBA2
534,11,α1 or α2,HBA1 or HBA2
535,11,α1 or α2,HBA1 or HBA2
538,11,α1 or α2,HBA1 or HBA2
539,11,α1 or α2,HBA1 or HBA2
540,11,α1 or α2,HBA1 or HBA2
544,11,α1 or α2,HBA1 or HBA2
545,11,α1 or α2,HBA1 or HBA2
551,11,α1 or α2,HBA1 or HBA2
555,11,α1 or α2,HBA1 or HBA2
564,11,α1 or α2,HBA1 or HBA2
565,11,α1 or α2,HBA1 or HBA2
575,11,α1 or α2,HBA1 or HBA2
580,11,α1 or α2,HBA1 or HBA2
586,11,α1 or α2,HBA1 or HBA2
589,11,α1 or α2,HBA1 or HBA2
591,11,α1 or α2,HBA1 or HBA2
600,11,α1 or α2,HBA1 or HBA2
601,11,α1 or α2,HBA1 or HBA2
603,11,α1 or α2,HBA1 or HBA2
610,11,α1 or α2,HBA1 or HBA2
617,11,α1 or α2,HBA1 or HBA2
619,11,α1 or α2,HBA1 or HBA2
623,11,α1 or α2,HBA1 or HBA2
624,11,α1 or α2,HBA1 or HBA2
627,11,α1 or α2,HBA1 or HBA2
634,11,α1 or α2,HBA1 or HBA2
636,11,α1 or α2,HBA1 or HBA2
640,11,α1 or α2,HBA1 or HBA2
643,11,α1 or α2,HBA1 or HBA2
644,11,α1 or α2,HBA1 or HBA2
646,11,α1 or α2,HBA1 or HBA2
648,11,α1 or α2,HBA1 or HBA2
650,11,α1 or α2,HBA1 or HBA2
651,11,α1 or α2,HBA1 or HBA2
652,11,α1 or α2,HBA1 or HBA2
653,11,α1 or α2,HBA1 or HBA2
655,11,α1 or α2,HBA1 or HBA2
656,11,α1 or α2,HBA1 or HBA2
659,11,α1 or α2,HBA1 or HBA2
660,11,α1 or α2,HBA1 or HBA2
667,11,α1 or α2,HBA1 or HBA2
679,11,α1 or α2,HBA1 or HBA2
689,11,α1 or α2,HBA1 or HBA2
698,11,α1 or α2,HBA1 or HBA2
704,11,α1 or α2,HBA1 or HBA2
706,11,α1 or α2,HBA1 or HBA2
709,11,α1 or α2,HBA1 or HBA2
712,11,α1 or α2,HBA1 or HBA2
716,11,α1 or α2,HBA1 or HBA2
717,11,α1 or α2,HBA1 or HBA2
718,11,α1 or α2,HBA1 or HBA2
721,11,α1 or α2,HBA1 or HBA2
739,11,α1 or α2,HBA1 or HBA2
742,11,α1 or α2,HBA1 or HBA2
744,11,α1 or α2,HBA1 or HBA2
745,11,α1 or α2,HBA1 or HBA2
756,11,α1 or α2,HBA1 or HBA2
759,11,α1 or α2,HBA1 or HBA2
763,11,α1 or α2,HBA1 or HBA2
766,11,α1 or α2,HBA1 or HBA2
768,11,α1 or α2,HBA1 or HBA2
773,11,α1 or α2,HBA1 or HBA2
776,11,α1 or α2,HBA1 or HBA2
778,11,α1 or α2,HBA1 or HBA2
783,11,α1 or α2,HBA1 or HBA2
2312,11,α1 or α2,HBA1 or HBA2
2314,11,α1 or α2,HBA1 or HBA2
2318,11,α1 or α2,HBA1 or HBA2
2319,11,α1 or α2,HBA1 or HBA2
2397,11,α1 or α2,HBA1 or HBA2
2398,11,α1 or α2,HBA1 or HBA2
2423,11,α1 or α2,HBA1 or HBA2
2444,11,α1 or α2,HBA1 or HBA2
2472,11,α1 or α2,HBA1 or HBA2
1408,12,Aγ or Gγ,HBG1 or HBG2
1411,12,Aγ or Gγ,HBG1 or HBG2
1452,12,Aγ or Gγ,HBG1 or HBG2
300,14,α3.7 hybrid,
345,14,α3.7 hybrid,
346,14,α3.7 hybrid,
348,14,α3.7 hybrid,
400,14,α3.7 hybrid,
410,14,α3.7 hybrid,
2230,14,α3.7 hybrid,
2231,14,α3.7 hybrid,
2417,14,α3.7 hybrid,
2511,14,α3.7 hybrid,
3396,14,α3.7 hybrid,
3432,14,α3.7 hybrid,
3631,14,α3.7 hybrid,
3915,14,α3.7 hybrid,
2065,15,BCL11A,BCL11A
2066,15,BCL11A,BCL11A
2067,15,BCL11A,BCL11A
2068,15,BCL11A,BCL11A
2069,15,BCL11A,BCL11A
2070,15,BCL11A,BCL11A
2071,15,BCL11A,BCL11A
2072,15,BCL11A,BCL11A
2073,15,BCL11A,BCL11A
2074,15,BCL11A,BCL11A
2075,15,BCL11A,BCL11A
2093,15,BCL11A,BCL11A
2793,15,BCL11A,BCL11A
2794,15,BCL11A,BCL11A
2795,15,BCL11A,BCL11A
2817,15,BCL11A,BCL11A
2818,15,BCL11A,BCL11A
2819,15,BCL11A,BCL11A
2820,15,BCL11A,BCL11A
2821,15,BCL11A,BCL11A
2822,15,BCL11A,BCL11A
2823,15,BCL11A,BCL11A
3101,15,BCL11A,BCL11A
3102,15,BCL11A,BCL11A
3163,15,BCL11A,BCL11A
3164,15,BCL11A,BCL11A
3165,15,BCL11A,BCL11A
3183,15,BCL11A,BCL11A
3218,15,BCL11A,BCL11A
3412,15,BCL11A,BCL11A
3416,15,BCL11A,BCL11A
3418,15,BCL11A,BCL11A
3859,15,BCL11A,BCL11A
3872,15,BCL11A,BCL11A
3873,15,BCL11A,BCL11A
3874,15,BCL11A,BCL11A
2095,16,HBS1L-MYB,HBS1L-MYB
2096,16,HBS1L-MYB,HBS1L-MYB
2097,16,HBS1L-MYB,HBS1L-MYB
2098,16,HBS1L-MYB,HBS1L-MYB
2099,16,HBS1L-MYB,HBS1L-MYB
2100,16,HBS1L-MYB,HBS1L-MYB
2101,16,HBS1L-MYB,HBS1L-MYB
2102,16,HBS1L-MYB,HBS1L-MYB
2103,16,HBS1L-MYB,HBS1L-MYB
2104,16,HBS1L-MYB,HBS1L-MYB
2105,16,HBS1L-MYB,HBS1L-MYB
2106,16,HBS1L-MYB,HBS1L-MYB
2109,16,HBS1L-MYB,HBS1L-MYB
2110,16,HBS1L-MYB,HBS1L-MYB
2111,16,HBS1L-MYB,HBS1L-MYB
2112,16,HBS1L-MYB,HBS1L-MYB
2837,16,HBS1L-MYB,HBS1L-MYB
2838,16,HBS1L-MYB,HBS1L-MYB
2839,16,HBS1L-MYB,HBS1L-MYB
2840,16,HBS1L-MYB,HBS1L-MYB
2841,16,HBS1L-MYB,HBS1L-MYB
2842,16,HBS1L-MYB,HBS1L-MYB
2843,16,HBS1L-MYB,HBS1L-MYB
2844,16,HBS1L-MYB,HBS1L-MYB
2845,16,HBS1L-MYB,HBS1L-MYB
2846,16,HBS1L-MYB,HBS1L-MYB
2847,16,HBS1L-MYB,HBS1L-MYB
2848,16,HBS1L-MYB,HBS1L-MYB
2849,16,HBS1L-MYB,HBS1L-MYB
2850,16,HBS1L-MYB,HBS1L-MYB
2851,16,HBS1L-MYB,HBS1L-MYB
3166,16,HBS1L-MYB,HBS1L-MYB
3167,16,HBS1L-MYB,HBS1L-MYB
3168,16,HBS1L-MYB,HBS1L-MYB
3169,16,HBS1L-MYB,HBS1L-MYB
3170,16,HBS1L-MYB,HBS1L-MYB
3331,16,HBS1L-MYB,HBS1L-MYB
3337,16,HBS1L-MYB,HBS1L-MYB
3410,16,HBS1L-MYB,HBS1L-MYB
3413,16,HBS1L-MYB,HBS1L-MYB
3414,16,HBS1L-MYB,HBS1L-MYB
3415,16,HBS1L-MYB,HBS1L-MYB
3419,16,HBS1L-MYB,HBS1L-MYB
3420,16,HBS1L-MYB,HBS1L-MYB
3421,16,HBS1L-MYB,HBS1L-MYB
3422,16,HBS1L-MYB,HBS1L-MYB
3423,16,HBS1L-MYB,HBS1L-MYB
3424,16,HBS1L-MYB,HBS1L-MYB
3425,16,HBS1L-MYB,HBS1L-MYB
3426,16,HBS1L-MYB,HBS1L-MYB
3427,16,HBS1L-MYB,HBS1L-MYB
3428,16,HBS1L-MYB,HBS1L-MYB
3429,16,HBS1L-MYB,HBS1L-MYB
3430,16,HBS1L-MYB,HBS1L-MYB
3857,16,HBS1L-MYB,HBS1L-MYB
3858,16,HBS1L-MYB,HBS1L-MYB
3911,16,HBS1L-MYB,HBS1L-MYB
3912,16,HBS1L-MYB,HBS1L-MYB
2076,17,KLF1,KLF1
2077,17,KLF1,KLF1
2078,17,KLF1,KLF1
2079,17,KLF1,KLF1
2080,17,KLF1,KLF1
2081,17,KLF1,KLF1
2082,17,KLF1,KLF1
2083,17,KLF1,KLF1
2084,17,KLF1,KLF1
2085,17,KLF1,KLF1
2086,17,KLF1,KLF1
2087,17,KLF1,KLF1
2088,17,KLF1,KLF1
2131,17,KLF1,KLF1
2132,17,KLF1,KLF1
2277,17,KLF1,KLF1
2278,17,KLF1,KLF1
2293,17,KLF1,KLF1
2294,17,KLF1,KLF1
2296,17,KLF1,KLF1
2341,17,KLF1,KLF1
2343,17,KLF1,KLF1
2344,17,KLF1,KLF1
2345,17,KLF1,KLF1
2346,17,KLF1,KLF1
2512,17,KLF1,KLF1
2513,17,KLF1,KLF1
2514,17,KLF1,KLF1
2515,17,KLF1,KLF1
2516,17,KLF1,KLF1
2517,17,KLF1,KLF1
2557,17,KLF1,KLF1
2558,17,KLF1,KLF1
2559,17,KLF1,KLF1
3087,17,KLF1,KLF1
3088,17,KLF1,KLF1
3089,17,KLF1,KLF1
3090,17,KLF1,KLF1
3091,17,KLF1,KLF1
3092,17,KLF1,KLF1
3093,17,KLF1,KLF1
3138,17,KLF1,KLF1
3149,17,KLF1,KLF1
3216,17,KLF1,KLF1
3290,17,KLF1,KLF1
3291,17,KLF1,KLF1
3485,17,KLF1,KLF1
3486,17,KLF1,KLF1
1498,18,pseudo β,HBBP1
1500,18,pseudo β,HBBP1
1501,18,pseudo β,HBBP1
1504,18,pseudo β,HBBP1
1506,18,pseudo β,HBBP1
1508,18,pseudo β,HBBP1
1515,18,pseudo β,HBBP1
1518,18,pseudo β,HBBP1
1519,18,pseudo β,HBBP1
1520,18,pseudo β,HBBP1
1521,18,pseudo β,HBBP1
1522,18,pseudo β,HBBP1
1523,18,pseudo β,HBBP1
1524,18,pseudo β,HBBP1
1525,18,pseudo β,HBBP1
1526,18,pseudo β,HBBP1
1527,18,pseudo β,HBBP1
1528,18,pseudo β,HBBP1
1530,18,pseudo β,HBBP1
1531,18,pseudo β,HBBP1
1532,18,pseudo β,HBBP1
1533,18,pseudo β,HBBP1
1534,18,pseudo β,HBBP1
1535,18,pseudo β,HBBP1
1536,18,pseudo β,HBBP1
1537,18,pseudo β,HBBP1
1539,18,pseudo β,HBBP1
1541,18,pseudo β,HBBP1
1542,18,pseudo β,HBBP1
1544,18,pseudo β,HBBP1
1545,18,pseudo β,HBBP1
1546,18,pseudo β,HBBP1
1547,18,pseudo β,HBBP1
1551,18,pseudo β,HBBP1
1552,18,pseudo β,HBBP1
1553,18,pseudo β,HBBP1
2128,18,pseudo β,HBBP1
2149,18,pseudo β,HBBP1
2158,18,pseudo β,HBBP1
2159,18,pseudo β,HBBP1
2163,18,pseudo β,HBBP1
2167,18,pseudo β,HBBP1
2418,18,pseudo β,HBBP1
2497,18,pseudo β,HBBP1
2498,18,pseudo β,HBBP1
2548,18,pseudo β,HBBP1
2550,18,pseudo β,HBBP1
2551,18,pseudo β,HBBP1
2815,18,pseudo β,HBBP1
2827,18,pseudo β,HBBP1
3073,18,pseudo β,HBBP1
3112,18,pseudo β,HBBP1
3270,18,pseudo β,HBBP1
3340,18,pseudo β,HBBP1
3570,18,pseudo β,HBBP1
3578,18,pseudo β,HBBP1
3606,18,pseudo β,HBBP1
3811,18,pseudo β,HBBP1
3835,18,pseudo β,HBBP1
3849,18,pseudo β,HBBP1
3868,18,pseudo β,HBBP1
3869,18,pseudo β,HBBP1
2113,19,FRMPD4,FRMPD4
3698,19,FRMPD4,FRMPD4
2114,20,PHEX,PHEX
2115,20,PHEX,PHEX
2116,21,RANBP1P1-MAGEB18,
2117,22,CSNK2A1,CSNK2A1
2120,23,HMOX1,HMOX1
2788,23,HMOX1,HMOX1
2789,23,HMOX1,HMOX1
3343,23,HMOX1,HMOX1
2129,24,CD81,CD81
2130,24,CD81,CD81
2119,25,DHRS7C-GLP2R,DHRS7C-GLP2R
2118,26,EIF2S3,EIF2S3
2133,27,HAO2,HAO2
2134,28,PDE7B,PDE7B
2135,28,PDE7B,PDE7B
2136,28,PDE7B,PDE7B
2137,28,PDE7B,PDE7B
2138,28,PDE7B,PDE7B
2139,29,TOX,TOX
2140,29,TOX,TOX
2141,29,TOX,TOX
2142,29,TOX,TOX
2143,29,TOX,TOX
2168,29,TOX,TOX
2169,29,TOX,TOX
2689,29,TOX,TOX
2690,29,TOX,TOX
2691,29,TOX,TOX
2692,29,TOX,TOX
2693,29,TOX,TOX
2694,29,TOX,TOX
2695,29,TOX,TOX
2696,29,TOX,TOX
2697,29,TOX,TOX
2698,29,TOX,TOX
2699,29,TOX,TOX
2700,29,TOX,TOX
2701,29,TOX,TOX
2702,29,TOX,TOX
2703,29,TOX,TOX
2704,29,TOX,TOX
2144,30,NOS1,NOS1
2145,30,NOS1,NOS1
2166,30,NOS1,NOS1
2705,30,NOS1,NOS1
2706,30,NOS1,NOS1
2707,30,NOS1,NOS1
2146,31,FLT1,FLT1
2147,31,FLT1,FLT1
2148,31,FLT1,FLT1
2160,31,FLT1,FLT1
2162,31,FLT1,FLT1
2708,31,FLT1,FLT1
2709,31,FLT1,FLT1
2710,31,FLT1,FLT1
2711,31,FLT1,FLT1
2712,31,FLT1,FLT1
2713,31,FLT1,FLT1
2714,31,FLT1,FLT1
2715,31,FLT1,FLT1
2227,32,MAP3K5,MAP3K5
2229,32,MAP3K5,MAP3K5
2170,33,NOS2,NOS2
2276,33,NOS2,NOS2
2274,34,ARG2,ARG2
2275,34,ARG2,ARG2
2919,34,ARG2,ARG2
2867,35,UGT1A1,UGT1A1
2286,36,AHSP,AHSP
2287,36,AHSP,AHSP
2288,36,AHSP,AHSP
2289,36,AHSP,AHSP
2290,36,AHSP,AHSP
2291,36,AHSP,AHSP
2684,44,SMAD3,SMAD3
2716,44,SMAD3,SMAD3
2685,45,SMAD6,SMAD6
2717,45,SMAD6,SMAD6
3552,46,APOE,APOE
3332,47,GSTM1,GSTM1
2787,48,GDF15,GDF15
2852,49,UGT1A10,UGT1A10
2853,49,UGT1A10,UGT1A10
2854,49,UGT1A10,UGT1A10
2855,49,UGT1A10,UGT1A10
2856,49,UGT1A10,UGT1A10
2857,49,UGT1A10,UGT1A10
2858,49,UGT1A10,UGT1A10
2859,49,UGT1A10,UGT1A10
2860,49,UGT1A10,UGT1A10
2861,49,UGT1A10,UGT1A10
2862,49,UGT1A10,UGT1A10
2863,49,UGT1A10,UGT1A10
2864,49,UGT1A10,UGT1A10
2865,49,UGT1A10,UGT1A10
2866,49,UGT1A10,UGT1A10
2852,50,UGT1A6,UGT1A6
2858,50,UGT1A6,UGT1A6
2593,51,APOL1,APOL1
2594,51,APOL1,APOL1
2623,51,APOL1,APOL1
3206,51,APOL1,APOL1
2635,52,MYH9 ,MYH9 
2636,52,MYH9 ,MYH9 
2637,52,MYH9 ,MYH9 
2638,52,MYH9 ,MYH9 
2639,52,MYH9 ,MYH9 
2640,52,MYH9 ,MYH9 
2641,52,MYH9 ,MYH9 
2642,52,MYH9 ,MYH9 
2644,52,MYH9 ,MYH9 
2645,52,MYH9 ,MYH9 
2646,52,MYH9 ,MYH9 
3548,52,MYH9 ,MYH9 
2614,54,BMPR1B,BMPR1B
2615,54,BMPR1B,BMPR1B
2616,54,BMPR1B,BMPR1B
2617,54,BMPR1B,BMPR1B
2618,54,BMPR1B,BMPR1B
2619,54,BMPR1B,BMPR1B
2784,55,TGFB1,TGFB1
3086,55,TGFB1,TGFB1
2911,56,COL1A1,COL1A1
2910,57,VDR,VDR
2944,57,VDR,VDR
2577,58,KL,KL
2578,58,KL,KL
2580,58,KL,KL
2581,58,KL,KL
2583,58,KL,KL
2584,58,KL,KL
2585,58,KL,KL
2586,58,KL,KL
2587,58,KL,KL
2588,58,KL,KL
2589,58,KL,KL
2647,58,KL,KL
2747,58,KL,KL
2748,58,KL,KL
2749,58,KL,KL
2750,58,KL,KL
2774,58,KL,KL
3330,58,KL,KL
3543,58,KL,KL
2591,59,ANXA2,ANXA2
2751,59,ANXA2,ANXA2
2752,59,ANXA2,ANXA2
2753,59,ANXA2,ANXA2
2754,59,ANXA2,ANXA2
2758,59,ANXA2,ANXA2
2680,60,BMP6,BMP6
2681,60,BMP6,BMP6
2682,60,BMP6,BMP6
2683,60,BMP6,BMP6
2760,60,BMP6,BMP6
2761,60,BMP6,BMP6
2762,60,BMP6,BMP6
2763,60,BMP6,BMP6
2764,60,BMP6,BMP6
2771,60,BMP6,BMP6
2673,61,IGF1R,IGF1R
2674,61,IGF1R,IGF1R
2677,61,IGF1R,IGF1R
2651,62,ADCY9,ADCY9
2653,62,ADCY9,ADCY9
2654,62,ADCY9,ADCY9
2772,62,ADCY9,ADCY9
2773,62,ADCY9,ADCY9
2606,63,TGFBR3,TGFBR3
2607,63,TGFBR3,TGFBR3
2608,63,TGFBR3,TGFBR3
2609,63,TGFBR3,TGFBR3
2610,63,TGFBR3,TGFBR3
2611,63,TGFBR3,TGFBR3
2612,63,TGFBR3,TGFBR3
2613,63,TGFBR3,TGFBR3
2904,63,TGFBR3,TGFBR3
3905,63,TGFBR3,TGFBR3
2624,64,TEK,TEK
2652,64,TEK,TEK
2742,65,KDR,KDR
2743,65,KDR,KDR
2744,65,KDR,KDR
2745,65,KDR,KDR
2728,66,ASS1,ASS1
2729,66,ASS1,ASS1
2730,66,ASS1,ASS1
2731,66,ASS1,ASS1
2946,66,ASS1,ASS1
2947,66,ASS1,ASS1
2732,67,ALOX5AP,ALOX5AP
2733,67,ALOX5AP,ALOX5AP
2734,67,ALOX5AP,ALOX5AP
2805,68,AICDA,AICDA
2628,69,SPARC,SPARC
2629,69,SPARC,SPARC
2630,69,SPARC,SPARC
2775,70,GJC1,GJC1
2776,70,GJC1,GJC1
2631,71,EFTUD2,EFTUD2
2632,71,EFTUD2,EFTUD2
2633,71,EFTUD2,EFTUD2
2634,72,JAZF1,JAZF1
2719,73,AQP9,AQP9
2650,74,NOS3,NOS3
2735,74,NOS3,NOS3
2736,74,NOS3,NOS3
2737,74,NOS3,NOS3
2948,74,NOS3,NOS3
3549,74,NOS3,NOS3
2738,75,NOX3,NOX3
2739,75,NOX3,NOX3
2740,75,NOX3,NOX3
2741,75,NOX3,NOX3
2720,76,GPM6B ,GPM6B 
2721,76,GPM6B ,GPM6B 
2722,76,GPM6B ,GPM6B 
2723,76,GPM6B ,GPM6B 
2724,76,GPM6B ,GPM6B 
2725,76,GPM6B ,GPM6B 
2726,76,GPM6B ,GPM6B 
2620,77,MAP3K7,MAP3K7
2621,77,MAP3K7,MAP3K7
2622,77,MAP3K7,MAP3K7
2888,78,MAP7,MAP7
2889,78,MAP7,MAP7
2890,78,MAP7,MAP7
2891,79,PEX7,PEX7
2892,79,PEX7,PEX7
2893,79,PEX7,PEX7
2604,80,TGFBR2,TGFBR2
2605,80,TGFBR2,TGFBR2
2928,80,TGFBR2,TGFBR2
2929,80,TGFBR2,TGFBR2
2766,81,AQP1,AQP1
2767,82,ITGAV,ITGAV
2909,83,F13A1,F13A1
2917,84,SAR1A,SAR1A
2918,84,SAR1A,SAR1A
3532,84,SAR1A,SAR1A
3533,84,SAR1A,SAR1A
3534,84,SAR1A,SAR1A
3535,84,SAR1A,SAR1A
3536,84,SAR1A,SAR1A
3537,84,SAR1A,SAR1A
3538,84,SAR1A,SAR1A
3539,84,SAR1A,SAR1A
3540,84,SAR1A,SAR1A
2897,85,LCAT,LCAT
2898,86,LTA4H,LTA4H
2899,86,LTA4H,LTA4H
2655,87,SELP,SELP
2656,87,SELP,SELP
2657,87,SELP,SELP
2900,87,SELP,SELP
2901,87,SELP,SELP
2649,88,ACVRL1,ACVRL1
2770,88,ACVRL1,ACVRL1
2648,89,ADRB1,ADRB1
2907,90,NEDD4L,NEDD4L
2908,90,NEDD4L,NEDD4L
2902,91,SLC12A6,SLC12A6
2687,92,ADCY6,ADCY6
2688,92,ADCY6,ADCY6
2903,92,ADCY6,ADCY6
2895,93,CR1,CR1
2896,94,ACKR1,ACKR1
3205,94,ACKR1,ACKR1
2746,95,PDS5B,PDS5B
2768,96,SMURF1,SMURF1
2626,97,MAP2K1,MAP2K1
2627,97,MAP2K1,MAP2K1
2769,98,SMAD7,SMAD7
2625,99,SMAD9,SMAD9
2906,100,SMAD1,SMAD1
2601,101,STARD13,STARD13
2602,101,STARD13,STARD13
2603,101,STARD13,STARD13
2675,102,BMPR1A,BMPR1A
2676,102,BMPR1A,BMPR1A
3653,103,CYP2D6,CYP2D6
2915,104,UGT2B7,UGT2B7
2672,105,GCH1,GCH1
2678,105,GCH1,GCH1
2669,106,PLA2G4A,PLA2G4A
3553,107,MBL2,MBL2
3554,107,MBL2,MBL2
2670,108,ITGA2B,ITGA2B
2671,109,ITGA2,ITGA2
2592,110,EDN1,EDN1
3113,110,EDN1,EDN1
3114,110,EDN1,EDN1
2597,111,ECE1,ECE1
2598,111,ECE1,ECE1
2599,111,ECE1,ECE1
2679,113,NFATC2,NFATC2
2665,114,VCAM1,VCAM1
2667,114,VCAM1,VCAM1
3898,114,VCAM1,VCAM1
2595,115,ERG,ERG
2596,115,ERG,ERG
2658,115,ERG,ERG
2572,116,MTHFR,MTHFR
2659,117,ADRB2,ADRB2
2686,117,ADRB2,ADRB2
3198,117,ADRB2,ADRB2
3199,117,ADRB2,ADRB2
3200,117,ADRB2,ADRB2
3202,117,ADRB2,ADRB2
3203,117,ADRB2,ADRB2
3204,117,ADRB2,ADRB2
2894,118,LDLR,LDLR
2668,120,TNF,TNF
2791,121,OR51G1-OR51A3P,OR51G1-OR51A3P
1504,122,OR51V1,OR51V1
1547,122,OR51V1,OR51V1
2797,122,OR51V1,OR51V1
3270,122,OR51V1,OR51V1
3340,122,OR51V1,OR51V1
1504,123,OR52Z1-OR51V1,OR52Z1-OR51V1
2798,123,OR52Z1-OR51V1,OR52Z1-OR51V1
3835,123,OR52Z1-OR51V1,OR52Z1-OR51V1
1547,124,OR51B5,OR51B5
1549,124,OR51B5,OR51B5
2796,124,OR51B5,OR51B5
2835,124,OR51B5,OR51B5
2836,124,OR51B5,OR51B5
2868,124,OR51B5,OR51B5
2877,124,OR51B5,OR51B5
2878,124,OR51B5,OR51B5
3541,124,OR51B5,OR51B5
3542,124,OR51B5,OR51B5
3606,124,OR51B5,OR51B5
3828,124,OR51B5,OR51B5
3829,124,OR51B5,OR51B5
3830,124,OR51B5,OR51B5
1549,125,OR51B6,OR51B6
2829,125,OR51B6,OR51B6
2830,125,OR51B6,OR51B6
2831,125,OR51B6,OR51B6
2832,125,OR51B6,OR51B6
2833,125,OR51B6,OR51B6
2834,125,OR51B6,OR51B6
3606,125,OR51B6,OR51B6
2875,126,OR51G1,OR51G1
2879,127,OR52I2-OR52I1,OR52I2-OR52I1
2802,128,HBG1-HBG2,HBG1-HBG2
2803,128,HBG1-HBG2,HBG1-HBG2
2814,129,HBG2-HBE1,HBG2-HBE1
2824,129,HBG2-HBE1,HBG2-HBE1
3417,129,HBG2-HBE1,HBG2-HBE1
3818,129,HBG2-HBE1,HBG2-HBE1
3819,129,HBG2-HBE1,HBG2-HBE1
2872,130,HBB-HBD,HBB-HBD
3188,130,HBB-HBD,HBB-HBD
2807,131,HBD-HBBP1,HBD-HBBP1
2808,131,HBD-HBBP1,HBD-HBBP1
2809,131,HBD-HBBP1,HBD-HBBP1
2810,131,HBD-HBBP1,HBD-HBBP1
2811,131,HBD-HBBP1,HBD-HBBP1
2828,131,HBD-HBBP1,HBD-HBBP1
2870,131,HBD-HBBP1,HBD-HBBP1
2871,131,HBD-HBBP1,HBD-HBBP1
3575,131,HBD-HBBP1,HBD-HBBP1
3810,131,HBD-HBBP1,HBD-HBBP1
2777,132,PLA2G4D-PLA2G4F,PLA2G4D-PLA2G4F
2873,133,OR51V1-HBB,OR51V1-HBB
3190,133,OR51V1-HBB,OR51V1-HBB
3191,133,OR51V1-HBB,OR51V1-HBB
2666,135,MMP3,MMP3
3544,136,PIK3CG,PIK3CG
3545,136,PIK3CG,PIK3CG
2881,137,OLFM5P,OLFM5P
2880,138,LOC102724142,LOC102724142
2660,139,IL4R,IL4R
2661,140,LTC4S,LTC4S
2778,141,MET,MET
2779,141,MET,MET
2780,142,CCL2,CCL2
2781,143,CSF2,CSF2
2782,144,NPRL3,NPRL3
3070,144,NPRL3,NPRL3
3071,144,NPRL3,NPRL3
3076,144,NPRL3,NPRL3
3194,144,NPRL3,NPRL3
3284,144,NPRL3,NPRL3
3327,144,NPRL3,NPRL3
3407,144,NPRL3,NPRL3
3886,144,NPRL3,NPRL3
3889,144,NPRL3,NPRL3
3937,144,NPRL3,NPRL3
3938,144,NPRL3,NPRL3
3939,144,NPRL3,NPRL3
2783,145,SLC26A5,SLC26A5
3834,145,SLC26A5,SLC26A5
2785,146,IFNL3,IFNL3
2786,146,IFNL3,IFNL3
2949,146,IFNL3,IFNL3
2094,147,HBS1L,HBS1L
3171,147,HBS1L,HBS1L
3184,147,HBS1L,HBS1L
3358,147,HBS1L,HBS1L
3833,147,HBS1L,HBS1L
2882,148,OR51G2,OR51G2
1547,149,OR51M1,OR51M1
3606,149,OR51M1,OR51M1
2883,150,APOL4-APOL2,
2884,151,APOL1-MYH9,
2885,152,BMPR2,BMPR2
2905,152,BMPR2,BMPR2
2886,153,MIR4432HG,MIR4432HG
2887,153,MIR4432HG,MIR4432HG
2920,154,ARG1,ARG1
2921,155,IL1B,IL1B
2922,156,IL6,IL6
2923,156,IL6,IL6
2924,157,HMOX2,HMOX2
2925,158,EGLN1,EGLN1
2926,159,EPAS1,EPAS1
2927,159,EPAS1,EPAS1
2930,160,GOLGB1,GOLGB1
2931,161,ENPP1,ENPP1
2932,162,PON1,PON1
2938,163,ADORA2B,ADORA2B
2933,164,GALNT13,GALNT13
2934,164,GALNT13,GALNT13
2935,164,GALNT13,GALNT13
2936,164,GALNT13,GALNT13
2937,164,GALNT13,GALNT13
2939,165,PRELP,PRELP
2940,166,CCL5,CCL5
2942,167,AGT,AGT
2941,168,GSTP1,GSTP1
2943,169,EGF,EGF
3082,170,TMPRSS6,TMPRSS6
3083,170,TMPRSS6,TMPRSS6
3084,170,TMPRSS6,TMPRSS6
3085,170,TMPRSS6,TMPRSS6
3491,170,TMPRSS6,TMPRSS6
3094,171,PROC,PROC
3095,171,PROC,PROC
3096,171,PROC,PROC
3097,172,TF,TF
3098,172,TF,TF
3099,172,TF,TF
3108,173,OR51B2,OR51B2
3109,173,OR51B2,OR51B2
3110,173,OR51B2,OR51B2
3111,173,OR51B2,OR51B2
3340,173,OR51B2,OR51B2
3606,173,OR51B2,OR51B2
3115,174,F5,F5
3116,175,F2,F2
3117,176,SELE,SELE
3122,177,HAMP,HAMP
3121,178,TFR2,TFR2
3120,179,HFE,HFE
3118,180,GP6,GP6
3124,181,PROS1,PROS1
3125,182,SERPINC1,SERPINC1
3329,182,SERPINC1,SERPINC1
3123,183,CUBN,CUBN
3210,183,CUBN,CUBN
3119,184,CYP4V2,CYP4V2
3126,185,SALL2,SALL2
3127,186,EML1,EML1
3128,187,PAPLN,PAPLN
3129,188,SESN1,SESN1
3130,189,DCHS2,DCHS2
3131,190,KRT80,KRT80
3132,191,NOM1,NOM1
3136,192,CYP1A1,CYP1A1
3134,193,CYP1A2,CYP1A2
3135,193,CYP1A2,CYP1A2
3137,194,ABCC2,ABCC2
3139,195,MAP2K6,MAP2K6
3143,196,LGALS3,LGALS3
3144,196,LGALS3,LGALS3
3145,197,CD36,CD36
3146,198,ILA1,ILA1
3150,200,MAGI2,MAGI2
3151,201,ADAMTSL1,ADAMTSL1
3152,202,HMGB3P23-RNA5SP281,HMGB3P23-RNA5SP281
3153,203,OPCML,OPCML
3154,204,LOC105370982,
3155,205,LOC100422053-RPS8P3,
3156,206,LOC105372421,
3157,207,CEBPE,CEBPE
3172,208,ANTXR1,ANTXR1
3263,208,ANTXR1,ANTXR1
3173,209,SIN3A,SIN3A
3174,209,SIN3A,SIN3A
3176,211,FUCA2,FUCA2
3177,212,VEGFA,VEGFA
3178,212,VEGFA,VEGFA
3179,212,VEGFA,VEGFA
3338,212,VEGFA,VEGFA
3339,212,VEGFA,VEGFA
3181,213,FOG1,ZFPM1
3182,214,CCND3,CCND3
3493,214,CCND3,CCND3
3186,215,NFIX,NFIX
3192,216,HBM,HBM
3214,216,HBM,HBM
3255,216,HBM,HBM
3265,216,HBM,HBM
3273,216,HBM,HBM
3274,216,HBM,HBM
3284,216,HBM,HBM
3292,216,HBM,HBM
3294,216,HBM,HBM
3295,216,HBM,HBM
3296,216,HBM,HBM
3327,216,HBM,HBM
3408,216,HBM,HBM
3595,216,HBM,HBM
3821,216,HBM,HBM
3822,216,HBM,HBM
3889,216,HBM,HBM
3937,216,HBM,HBM
3938,216,HBM,HBM
3939,216,HBM,HBM
3193,217,AXIN1,AXIN1
3273,217,AXIN1,AXIN1
3284,217,AXIN1,AXIN1
3514,217,AXIN1,AXIN1
3939,217,AXIN1,AXIN1
3195,218,G6PD,G6PD
3580,218,G6PD,G6PD
3581,218,G6PD,G6PD
3196,219,THBS1,THBS1
3197,220,AVPR1A,AVPR1A
3207,222,PKD1L2,PKD1L2
3208,223,TOR2A,TOR2A
3209,224,AGGF1,AGGF1
3211,225,CYP4B1,CYP4B1
3212,226,CD163,CD163
3550,227,KLF10,KLF10
3585,227,KLF10,KLF10
3213,228,SP1,SP1
3219,230,LARGE1,LARGE1
3220,231,NEDD9,NEDD9
3221,232,PAK2,PAK2
3245,233,TLR2,TLR2
3254,234,CTLA4,CTLA4
3257,235,KCNQ1,KCNQ1
3259,237,MPO,MPO
3551,238,FCGR2C,FCGR2C
3285,239,ARHGAP18,ARHGAP18
3300,240,CACNA2D3,CACNA2D3
3303,241,DRD2,DRD2
3304,242,KCNS1,KCNS1
3328,244,COMT,COMT
3346,246,RRAD,RRAD
3347,247,AK9,AK9
3348,248,LAMA2,LAMA2
3350,249,EXD3,EXD3
3351,250,ITGA11,ITGA11
3353,251,ZFHX4,ZFHX4
3354,252,FAM221A,FAM221A
3355,253,MAN2B1,MAN2B1
3356,254,OR10G9,OR10G9
3357,255,CERS4,CERS4
3349,258,TRPA1,TRPA1
3352,261,NES,NES
3438,263,FLG2,FLG2
3447,265,N4BP2L2,N4BP2L2
3448,266,RNF113B,RNF113B
3449,267,MRM2,MRM2
3450,268,RHPN2,RHPN2
3451,269,ADAR,ADAR
3452,270,RSPH3,RSPH3
3453,271,OLR1,OLR1
3454,272,SEC31B,SEC31B
3455,273,COPE,COPE
3456,274,CDHR3,CDHR3
3457,275,ETAA1,ETAA1
3458,276,TTLL10,TTLL10
3459,277,DOCK1,DOCK1
3460,278,MYBBP1A,MYBBP1A
3461,279,MARCHF10,MARCHF10
3462,280,PKD1L1,PKD1L1
3463,281,ADCY10,ADCY10
3465,282,OR51L1-OR51P1P,OR51L1-OR51P1P
3466,291,CTXND2,CTXND2
3467,292,REL,REL
3468,293,STAT1,STAT1
3469,294,GPR17,GPR17
3470,295,CHL1-LINC01266,CHL1-LINC01266
3471,297,ALCAM,ALCAM
3472,298,KNG1,KNG1
3473,299,FBN2,FBN2
3474,300,NPY,NPY
3475,301,HTRB3,HTRB3
3476,302,HTR2A,HTR2A
3477,303,CHP2-PRKCB,CHP2-PRKCB
3478,304,FTO,FTO
3508,304,FTO,FTO
3479,305,COMMD7-DNMT3B,COMMD7-DNMT3B
3480,306,NOL12,NOL12
3481,307,TGFA-ADD2,TGFA-ADD2
3492,308,PDGFRA-KIT,PDGFRA-KIT
3497,309,IL1R1,IL1R1
3498,310,DRD3,DRD3
3499,311,PLCH1,PLCH1
3500,312,FAM193A,FAM193A
3501,313,TBC1D1,TBC1D1
3502,314,MTNR1A,MTNR1A
3503,315,ADGRV1,ADGRV1
3504,316,CYP3A4,CYP3A4
3505,317,PCSK5,PCSK5
3506,318,RPS24,RPS24
3507,319,SORCS1,SORCS1
3509,320,PDGFD,PDGFD
3510,321,UBE2O,UBE2O
3511,322,RAVER1,RAVER1
3512,323,TKTL1,TKTL1
3515,325,ABO,ABO
3516,326,PRKCE,PRKCE
3517,327,CCDC162P,CCDC162P
3518,328,DHFRP2,DHFRP2
3519,329,PRSS54-RNU6-269P,
3520,330,PSMD3-CSF3,
3521,331,LRRIQ4,LRRIQ4
3522,332,CDK6,CDK6
3523,333,RPL18P9-CCND2-AS1,RPL18P9-CCND2-AS1
3524,334,TRPS1-LINC00536,TRPS1-LINC00536
3525,335,MCM6,MCM6
3526,336,RPS23P2-PCDH18,RPS23P2-PCDH18
3527,337,PNPLA3,PNPLA3
3528,338,SH2B3,SH2B3
3529,339,LY6G5C,LY6G5C
3530,340,THPO,THPO
3531,341,HLA-DOA-HLA-DPA1,HLA-DOA-HLA-DPA1
3579,361,TRPC3-KIAA1109,
3706,365,DNMT1,DNMT1
3584,374,KLF4,KLF4
3590,378,NR3C1,NR3C1
3591,378,NR3C1,NR3C1
3592,378,NR3C1,NR3C1
3618,383,S100B,S100B
3619,383,S100B,S100B
3620,383,S100B,S100B
3621,383,S100B,S100B
3625,383,S100B,S100B
3637,389,B3GAT2-BECN1P2,
3638,390,MCC,MCC
3639,391,SAR1AP3-PRDM5,SAR1AP3-PRDM5
3660,391,SAR1AP3-PRDM5,SAR1AP3-PRDM5
3640,392,ATP6V0A4,ATP6V0A4
3641,393,PDE5A-MAD2L1,PDE5A-MAD2L1
3642,394,LINC01352,LINC01352
3643,395,LOC107985792-KLHL29,
3644,396,YTHDC2-KCNN2,
3645,397,PDK1P1-ME2P1,
3646,398,MAP2K5,MAP2K5
3647,399,SAMD5,SAMD5
3648,400,MFSD4BP1-ITGA1,
3649,401,SYCE3,SYCE3
3650,402,ARHGEF3,ARHGEF3
3656,403,SLC14A1,SLC14A1
3654,404,CAT,CAT
3655,404,CAT,CAT
3658,405,AUTS2-GALNT17,
3659,406,CXXC1-RNA5SP458,
3661,407,MED27,MED27
3662,408,LOC107986476,
3664,409,ZCCHC2-RN7SL705P,
3665,410,WWOX,WWOX
3666,411,ETV6-BCL2L14,
3667,412,RAD51B,RAD51B
3668,413,SVIL,SVIL
3669,414,RPL29P32-MBD2,
3670,415,LOC105373115,
3701,416,HLA-G,HLA-G
3702,417,KLRC4-KLRK1,KLRC4-KLRK1
3703,417,KLRC4-KLRK1,KLRC4-KLRK1
3704,417,KLRC4-KLRK1,KLRC4-KLRK1
3707,419,NBAS,NBAS
3708,419,NBAS,NBAS
3709,420,LINC01847,LINC01847
3741,428,ARAP1 ,ARAP1 
3742,428,ARAP1 ,ARAP1 
3743,428,ARAP1 ,ARAP1 
3744,428,ARAP1 ,ARAP1 
3746,428,ARAP1 ,ARAP1 
3807,430,FCMR ,FCMR 
3808,431,LINC01102,LINC01102
3809,432,ZNF385D,ZNF385D
3824,434,OR51AB1P-OR51B4,OR51AB1P-OR51B4
3825,434,OR51AB1P-OR51B4,OR51AB1P-OR51B4
3826,434,OR51AB1P-OR51B4,OR51AB1P-OR51B4
3827,435,OR51B4,OR51B4
3831,436,OR51I2,OR51I2
3832,437,OR51B3P-OR51B2,OR51B3P-OR51B2
3836,438,ROS1,ROS1
3837,439,CAPN1,CAPN1
3838,440,ME3,ME3
3839,440,ME3,ME3
3840,441,FCHSD2,FCHSD2
3845,451,BGLT3,BGLT3
3893,465,RANKL,TNFSF11
3894,466,OPG,TNFRSF11B
3895,466,OPG,TNFRSF11B
3899,485,ITGA4,ITGA4
3900,485,ITGA4,ITGA4
3901,486,LINC02537,LINC02537
3902,486,LINC02537,LINC02537
3903,486,LINC02537,LINC02537
3904,487,"NAALADL2","NAALADL2"
3906,488,PHACTR2,PHACTR2
3907,489,CHSY3,CHSY3
3908,490,LOC105373012-LOC441996,LOC105373012-LOC441996
3909,491,TOX4,TOX4
3910,492,PRKACB,PRKACB
3921,493,ZPR1,ZPR1
