ithaID,HGVS,BayesDel_addAF_score,CADD_PHRED,Eigen-PC-phred_coding,GERP++_RS,MetaSVM_score,phyloP100way_vertebrate,REVEL_score,SpliceAI_DS
1,HBB:c.-240G>A,0,-1,0,0,0,0,0,0
3,HBB:c.-151C>T,0,1,0,0,0,0,0,0
6,HBB:c.-142C>T,0,-1,0,0,0,0,0,0
7,HBB:c.-140C>T,0,1,0,0,0,0,0,0
8,HBB:c.-138C>T,0,-1,0,0,0,0,0,0
9,HBB:c.-138C>A,0,-1,0,0,0,0,0,0
10,HBB:c.-137C>G,0,-1,0,0,0,0,0,0
11,HBB:c.-137C>T,0,-1,0,0,0,0,0,0
12,HBB:c.-137C>A,0,-1,0,0,0,0,0,0
13,HBB:c.-136C>G,0,-1,0,0,0,0,0,0
14,HBB:c.-136C>A,0,-1,0,0,0,0,0,0
15,HBB:c.-123A>T,0,1,0,0,0,0,0,0
16,HBB:c.-106G>C,0,-1,0,0,0,0,0,0
17,HBB:c.-100G>A,0,-1,0,0,0,0,0,0
18,HBB:c.-82C>A,0,1,0,0,0,0,0,0
19,HBB:c.-82C>T,0,1,0,0,0,0,0,0
20,HBB:c.-81A>G,0,1,0,0,0,0,0,0
22,HBB:c.-80T>A,0,1,0,0,0,0,0,0
23,HBB:c.-80T>C,0,1,0,0,0,0,0,0
24,HBB:c.-79_78delAA,0,0,0,0,0,0,0,0
25,HBB:c.-79A>G,0,1,0,0,0,0,0,0
26,HBB:c.-79A>C,0,1,0,0,0,0,0,0
28,HBB:c.-78A>C,0,1,0,0,0,0,0,0
29,HBB:c.-78A>G,0,1,0,0,0,0,0,0
30,HBB:c.-77A>T,0,1,0,0,0,0,0,0
31,HBB:c.-77_-76delAA,0,0,0,0,0,0,0,0
32,HBB:c.-75G>C,0,-1,0,0,0,0,0,0
33,HBB:c.-73_-8del45,0,0,0,0,0,0,0,0
34,HBB:c.-50A>C,0,-1,0,0,0,0,0,0
35,HBB:c.-43C>T,0,1,0,0,0,0,0,-1
36,HBB:c.-41delT,0,1,0,0,0,0,0,-1
37,HBB:c.-31C>T,0,1,0,0,0,0,0,1
38,HBB:c.-29G>A,0,1,0,0,0,0,0,-1
39,HBB:c.-18C>G,0,1,0,0,0,0,0,0
40,HBB:c.-11_-8delAAAC,0,0,0,0,0,0,0,-1
41,HBB:c.-6G>C,0,-1,0,0,0,0,0,0
42,HBB:c.1A>G,1,1,1,1,-1,-1,-1,-1
43,HBB:c.1A>C,1,1,1,1,-1,-1,-1,-1
44,HBB:c.2T>C,1,1,1,1,-1,1,1,-1
45,HBB:c.2T>G,1,1,1,1,-1,1,1,-1
46,HBB:c.2T>A,1,1,1,1,-1,1,1,0
47,HBB:c.3G>C,1,1,1,1,-1,-1,-1,0
48,HBB:c.3G>A,1,1,1,1,-1,-1,1,-1
49,HBB:c.3G>T,1,1,1,1,-1,-1,1,-1
50,HBB:c.4delG,0,1,0,0,0,0,0,-1
51,HBB:c.8_16delinsCTGAGGTGAAGTCTGCCTGAGGAGAAGT,0,0,0,0,0,0,0,0
52,HBB:c.11dupT,0,0,0,0,0,0,0,0
54,HBB:c.17_18delCT,0,1,0,0,0,0,0,-1
56,HBB:c.19G>T,1,1,1,1,0,-1,0,-1
57,HBB:c.20delA,0,1,0,0,0,0,0,-1
58,HBB:c.20delG,0,1,0,0,0,0,0,-1
59,HBB:c.20_32del13,0,0,0,0,0,0,0,0
60,HBB:c.22G>T,1,1,1,1,0,-1,0,-1
61,HBB:c.25_26delAA,0,1,0,0,0,0,0,1
62,HBB:c.27dupG,0,1,0,0,0,0,0,0
63,HBB:c.28_29insTA,0,-1,0,0,0,0,0,0
64,HBB:c.30dupT,0,-1,0,0,0,0,0,0
65,HBB:c.33C>A,0,-1,0,0,0,0,0,-1
66,HBB:c.33delC,0,-1,0,0,0,0,0,-1
67,HBB:c.36delT,0,-1,0,0,0,0,0,1
68,HBB:c.44dupT,0,1,0,0,0,0,0,0
69,HBB:c.45dupG,0,1,0,0,0,0,0,0
70,HBB:c.46delT,0,1,0,0,0,0,0,1
71,HBB:c.50dupG,0,1,0,0,0,0,0,0
72,HBB:c.47G>A,-1,1,1,1,0,-1,0,1
73,HBB:c.48G>A,1,1,1,1,0,-1,0,1
74,HBB:c.50delG,0,1,0,0,0,0,0,1
75,HBB:c.51delC,0,1,0,0,0,0,0,1
76,HBB:c.51C>T,0,-1,0,0,0,0,0,-1
77,HBB:c.52A>T,-1,1,1,1,0,-1,0,0
78,HBB:c.53dupA,0,1,0,0,0,0,0,0
79,HBB:c.59A>G,-1,1,-1,-1,-1,-1,-1,1
80,HBB:c.64_67del,0,1,0,0,0,0,0,-1
81,HBB:c.64dupG,0,1,0,0,0,0,0,0
83,HBB:c.67G>T,1,1,-1,-1,0,-1,0,1
84,HBB:c.68_74delAAGTTGG,0,1,0,0,0,0,0,0
85,HBB:c.74delinsCAC,0,0,0,0,0,0,0,0
86,HBB:c.75T>A,0,-1,0,0,0,0,0,0
87,HBB:c.78dupT,0,1,0,0,0,0,0,0
88,HBB:c.79G>A,-1,1,1,1,1,-1,-1,1
89,HBB:c.79G>T,1,1,1,1,0,-1,0,1
90,HBB:c.79_80insT,0,1,0,0,0,0,0,0
91,HBB:c.82G>T,-1,1,1,-1,-1,-1,-1,1
92,HBB:c.85dupC,0,1,0,0,0,0,0,0
93,HBB:c.85delC,0,1,0,0,0,0,0,-1
94,HBB:c.86T>G,1,1,1,1,1,1,1,-1
95,HBB:c.89delG,0,1,0,0,0,0,0,-1
96,HBB:c.90C>T,0,1,0,0,0,0,0,1
97,HBB:c.91A>G,1,1,1,1,1,-1,1,1
98,HBB:c.91A>C,0,1,0,0,0,0,0,1
99,HBB:c.92G>A,-1,1,1,1,1,-1,1,1
100,HBB:c.92G>C,-1,1,1,1,1,-1,1,0
101,HBB:c.92+1G>A,0,1,0,0,0,0,0,1
102,HBB:c.92+1G>T,0,1,0,0,0,0,0,1
103,HBB:c.92+1G>C,0,1,0,0,0,0,0,0
104,HBB:c.92+2T>G,0,1,0,0,0,0,0,1
105,HBB:c.92+2T>C,0,1,0,0,0,0,0,1
106,HBB:c.92+2T>A,0,1,0,0,0,0,0,0
107,HBB:c.92+5G>C,0,1,0,0,0,0,0,0
108,HBB:c.92+5G>T,0,1,0,0,0,0,0,1
109,HBB:c.92+5G>A,0,1,0,0,0,0,0,1
111,HBB:c.92+6T>C,0,1,0,0,0,0,0,1
113,HBB:c.93-21G>A,0,-1,0,0,0,0,0,-1
114,HBB:c.93-15T>G,0,1,0,0,0,0,0,-1
115,HBB:c.93-3T>G,0,-1,0,0,0,0,0,-1
116,HBB:c.93-2A>C,0,1,0,0,0,0,0,1
117,HBB:c.93-2A>G,0,1,0,0,0,0,0,1
118,HBB:c.93-1G>C,0,1,0,0,0,0,0,0
119,HBB:c.93-1G>A,0,1,0,0,0,0,0,1
120,HBB:c.93G>C,1,1,1,-1,1,-1,1,0
121,HBB:c.93-17_93-1delTATTTTCCCACCCTTAG,0,1,0,0,0,0,0,0
124,NG_000007.3:g.70807_70828dup,0,0,0,0,0,0,0,0
125,HBB:c.93_94insCGG,0,0,0,0,0,0,0,0
126,HBB:c.94delC,0,1,0,0,0,0,0,0
128,HBB:c.110del,0,1,0,0,0,0,0,0
129,HBB:c.102_104del,0,1,0,0,0,0,0,-1
130,HBB:c.102_103delG,0,0,0,0,0,0,0,-1
131,HBB:c.101_106delTGGTCT,0,0,0,0,0,0,0,0
132,HBB:c.107A>G,1,1,1,1,1,1,1,-1
133,HBB:c.108C>A,1,1,1,-1,0,-1,0,-1
134,HBB:c.112delT,0,1,0,0,0,0,0,-1
135,HBB:c.111_118delTTGGACCC,0,1,0,0,0,0,0,0
136,HBB:c.114delG,0,1,0,0,0,0,0,-1
137,HBB:c.114G>A,1,1,1,1,0,1,0,-1
138,HBB:c.113G>A,1,1,1,1,0,-1,0,-1
139,HBB:c.114_120delGACCCAG,0,1,0,0,0,0,0,0
140,HBB:c.118delC,0,1,0,0,0,0,0,-1
141,HBB:c.117_118delCC,0,1,0,0,0,0,0,-1
142,HBB:c.118C>T,-1,1,1,-1,0,-1,0,-1
143,HBB:c.123delG,0,1,0,0,0,0,0,-1
144,HBB:c.123_208dup,0,0,0,0,0,0,0,0
145,HBB:c.125dupT,0,1,0,0,0,0,0,0
146,HBB:c.126delC,0,1,0,0,0,0,0,-1
147,HBB:c.126_129delCTTT,0,1,0,0,0,0,0,-1
148,HBB:c.129dupT,0,1,0,0,0,0,0,0
149,HBB:c.130dupG,0,1,0,0,0,0,0,0
150,HBB:c.130G>T,1,1,1,-1,0,-1,0,-1
151,HBB:c.135delC,0,1,0,0,0,0,0,-1
152,HBB:c.138delT,0,1,0,0,0,0,0,-1
153,HBB:c.138dupT,0,1,0,0,0,0,0,0
154,HBB:c.38_139insA,0,1,0,0,0,0,0,0
155,HBB:c.143dup,0,1,0,0,0,0,0,0
156,HBB:c.143_146dupATCT,0,0,0,0,0,0,0,0
157,HBB:c.150delC,0,0,0,0,0,0,0,-1
158,HBB:c.153delT,0,1,0,0,0,0,0,-1
159,HBB:c.155delC,0,1,0,0,0,0,0,-1
160,HBB:c.162delT,0,1,0,0,0,0,0,-1
161,HBB:c.163dupG,0,1,0,0,0,0,0,0
162,HBB:c.165delT,0,-1,0,0,0,0,0,-1
163,HBB:c.166dupA,0,1,0,0,0,0,0,0
164,HBB:c.165_177delTATGGGCAACCCT,0,1,0,0,0,0,0,0
165,HBB:c.166delA,0,1,0,0,0,0,0,-1
166,HBB:c.170_171insGCAACCCTAAGGTG,0,0,0,0,0,0,0,0
167,HBB:c.176dupC,0,1,0,0,0,0,0,0
168,HBB:c.179delA,0,1,0,0,0,0,0,1
169,HBB:c.178A>T,1,1,1,-1,0,-1,0,0
170,HBB:c.182T>A,1,1,1,1,1,1,1,0
171,HBB:c.189_195delTCATGGC,0,1,0,0,0,0,0,0
172,HBB:c.184A>T,1,1,1,-1,0,-1,0,0
173,HBB:c.194delG,0,1,0,0,0,0,0,-1
174,HBB:c.199A>T,1,1,1,1,0,-1,0,0
175,HBB:c.203_204delGT,0,1,0,0,0,0,0,-1
176,HBB:c.216dupT,0,1,0,0,0,0,0,0
177,HBB:c.217dupA,0,1,0,0,0,0,0,0
178,HBB: c.217_221delAGTGAinsT,0,1,0,0,0,0,0,-1
179,HBB:c.225delC,0,0,0,0,0,0,0,-1
179,HBB:c.226delC,0,1,0,0,0,0,0,-1
180,HBB:c.229_230delGC,0,1,0,0,0,0,0,-1
181,HBB:c.230delC,0,-1,0,0,0,0,0,-1
182,HBB:c.235del,0,1,0,0,0,0,0,-1
183,HBB:c.244delC,0,1,0,0,0,0,0,-1
184,HBB:c.244_265del22,0,0,0,0,0,0,0,0
185,HBB:c.251delG,0,1,0,0,0,0,0,-1
186,HBB:c.253_260del,0,1,0,0,0,0,0,0
187,HBB:c.255dupC,0,0,0,0,0,0,0,0
188,HBB:c.258dupT,0,0,0,0,0,0,0,0
189,HBB:c.266dupT,0,1,0,0,0,0,0,0
190,HBB:c.266_267del,0,1,0,0,0,0,0,-1
191,HBB:c.270_271del,0,1,0,0,0,0,0,-1
192,HBB:c.271G>T,1,1,1,1,0,-1,0,-1
193,HBB:c.275del,0,1,0,0,0,0,0,-1
194,HBB:c.275dupT,0,0,0,0,0,0,0,0
195,HBB:c.282_283dupTG,0,0,0,0,0,0,0,0
196,HBB:c.287dupA,0,1,0,0,0,0,0,0
198,HBB:c.301_302delCCinsTCTGAGAACTT,0,0,0,0,0,0,0,0
199,HBB:c.315delG,0,0,0,0,0,0,0,-1
200,HBB:c.315+1G>A,0,1,0,0,0,0,0,1
201,HBB:c.315+1G>C,0,1,0,0,0,0,0,0
202,HBB:c.315+1G>T,0,1,0,0,0,0,0,1
203,HBB:c.315+2T>C,0,1,0,0,0,0,0,1
205,HBB:c.315+2del,0,1,0,0,0,0,0,1
206,HBB:c.315+2_315+3delinsACGTTCTCTGA,0,1,0,0,0,0,0,0
207,NG_000007.3:g.71043_71044delAG,0,1,0,0,0,0,0,1
208,HBB:c.315+5G>C,0,1,0,0,0,0,0,0
210,HBB:c.316-238C>T,0,1,0,0,0,0,0,1
211,HBB:c.316-197C>T,0,-1,0,0,0,0,0,-1
212,HBB:c.316-146T>G,0,-1,0,0,0,0,0,-1
213,HBB:c.316-125A>G,0,-1,0,0,0,0,0,-1
214,HBB:c.316-106C>G,0,-1,0,0,0,0,0,0
215,HBB:c.316-90A>G,0,-1,0,0,0,0,0,-1
217,HBB:c.316-14T>G,0,-1,0,0,0,0,0,1
218,HBB:c.316-8T>G,0,-1,0,0,0,0,0,-1
219,HBB:c.316-7C>A,0,-1,0,0,0,0,0,-1
220,HBB:c.316-7C>G,0,-1,0,0,0,0,0,0
221,HBB:c.316-3C>A,0,1,0,0,0,0,0,1
222,HBB:c.316-3C>G,0,1,0,0,0,0,0,0
223,HBB:c.316-2A>G,0,1,0,0,0,0,0,1
224,HBB:c.316-2A>C,0,1,0,0,0,0,0,1
225,HBB:c.316-1G>C,0,1,0,0,0,0,0,0
226,HBB:c.316-1G>A,0,1,0,0,0,0,0,1
227,HBB:c.316-1G>T,0,1,0,0,0,0,0,1
228,HBB:c.316-1delG,0,1,0,0,0,0,0,1
229,HBB:c.319C>G,1,1,1,1,1,1,1,0
230,HBB:c.320T>G,1,1,1,1,1,1,1,-1
231,HBB:c.323dupG,0,1,0,0,0,0,0,0
232,HBB:c.326_337delACGTGCTGGTCT,0,1,0,0,0,0,0,0
233,HBB:c.328delG,0,1,0,0,0,0,0,1
234,HBB:c.332T>C,1,1,1,1,1,-1,1,-1
235,HBB:c.339T>A,1,1,1,1,0,-1,0,0
236,HBB:c.340delG,0,1,0,0,0,0,0,1
237,HBB:c.344T>C,1,1,1,1,1,1,1,-1
238,HBB:c.343_344delinsG,0,1,0,0,0,0,0,-1
239,HBB:c.347C>A,1,1,1,-1,1,-1,1,-1
240,HBB:c.349_350insTGAT,0,1,0,0,0,0,0,0
241,HBB:c.357delT,0,1,0,0,0,0,0,1
242,HBB:c.363delA,0,1,0,0,0,0,0,1
243,HBB:c.363dupA,0,1,0,0,0,0,0,0
244,HBB:c.364G>T,1,1,1,1,0,-1,0,1
245,HBB:c.370delA,0,1,0,0,0,0,0,-1
246,HBB:c.371_378del,0,1,0,0,0,0,0,0
247,HBB:c.375delA,0,-1,0,0,0,0,0,-1
248,HBB:c.376_378dupCCA,0,0,0,0,0,0,0,0
249,HBB:c.378delA,0,1,0,0,0,0,0,-1
250,HBB:c.380delT,0,1,0,0,0,0,0,-1
252,HBB:c.396delTGCAGGCTGCTATCAG,0,0,0,0,0,0,0,-1
253,HBB:c.383A>C,1,1,1,1,1,-1,1,-1
254,HBB:c.383A>G,1,1,1,1,1,-1,1,-1
255,HBB:c.382C>T,1,1,1,1,0,1,0,-1
256,HBB:c.383_385delAGG,0,1,0,0,0,0,0,-1
258,HBB:c.394C>T,1,1,1,1,0,-1,0,-1
259,HBB:c.396_397insGCCT,0,0,0,0,0,0,0,0
260,HBB:c.396_397delGA,0,0,0,0,0,0,0,-1
261,HBB:c.396_397del,0,0,0,0,0,0,0,-1
262,HBB:c.397A>T,1,1,1,1,0,-1,0,0
263,HBB:c.404_413delinsGCAG,0,1,0,0,0,0,0,0
264,HBB:c.413_418delTGGCTA,0,1,0,0,0,0,0,0
265,HBB:c.424delC,0,1,0,0,0,0,0,-1
267,HBB:c.*6C>G,0,-1,0,0,0,0,0,0
269,HBB:c.*93_*105delATCTGGATTCTGC,0,0,0,0,0,0,0,0
271,HBB:c.*108A>G,0,-1,0,0,0,0,0,-1
274,HBB:c.*111A>G,0,-1,0,0,0,0,0,-1
275,HBB:c.*112A>G,0,-1,0,0,0,0,0,-1
276,HBB:c.*113A>G,0,-1,0,0,0,0,0,-1
277,HBB:c.*110_*111delTA,0,0,0,0,0,0,0,-1
278,HBB:c.*110_*114del,0,-1,0,0,0,0,0,0
280,HBB:c.93-22_95del,0,1,0,0,0,0,0,0
341,HBA1:c.1A>G,-1,1,1,1,1,-1,1,1
342,HBA2:c.2T>C,1,1,1,-1,-1,-1,1,-1
343,HBA2:c.2delT,0,1,0,0,0,0,0,1
344,HBA2:c.1delA,0,1,0,0,0,0,0,-1
347,HBA1:c.43T>C,-1,1,1,1,1,-1,-1,-1
349,HBA1:c.44A>G,1,1,1,1,0,-1,0,1
350,HBA2:c.56delG,0,0,0,0,0,0,0,1
351,HBA2:c.64G>T,-1,-1,-1,-1,-1,-1,-1,1
352,HBA2:c.69C>T,0,-1,0,0,0,0,0,1
353,HBA2:c.69delC,0,-1,0,0,0,0,0,1
354,HBA2:c.70G>T,1,1,-1,-1,0,-1,0,1
355,HBA2:c.79G>A,-1,-1,-1,-1,-1,-1,-1,1
356,HBA2:c.89T>C,1,1,1,-1,1,-1,1,1
357,HBA2:c.91_93delGAG,0,1,0,0,0,0,0,1
358,HBA1:c.95+1G>A,0,1,0,0,0,0,0,1
359,HBA2:c.95+2_95+6delTGAGG,0,1,0,0,0,0,0,0
360,HBA2:c.95+5 G>A,0,-1,0,0,0,0,0,1
361,HBA1:c.95+5 G>A,0,-1,0,0,0,0,0,1
362,HBA2:c.95+55 G>A,0,-1,0,0,0,0,0,-1
363,HBA2:c.96-2A>G,0,1,0,0,0,0,0,1
364,HBA1:c.96-1G>A,0,1,0,0,0,0,0,1
366,HBA2:c.95G>A,1,1,1,-1,1,1,1,1
367,HBA2:c.99G>A,-1,1,1,-1,-1,-1,1,-1
368,HBA2:c.101T>C,1,1,1,-1,1,-1,1,-1
369,HBA2:c.106T>C,-1,-1,-1,-1,-1,-1,-1,-1
370,HBA1:c.112_114delCCC,0,0,0,0,0,0,0,-1
371,HBA1:c.118_120delACC,0,1,0,0,0,0,0,-1
372,HBA1:c.108_146del9ins8,0,1,0,0,0,0,0,0
373,HBA2:c.127T>C,-1,1,1,-1,-1,-1,1,1
374,HBA2:c.149_150delGC,0,1,0,0,0,0,0,1
375,HBA1:c.155_167delGCTCTGCCCAGGT,0,1,0,0,0,0,0,0
376,HBA2:c.163C>T,1,1,1,-1,0,-1,0,1
377,HBA2:c.179G>A,1,1,1,-1,1,-1,1,-1
378,HBA1:c.179G>A,1,1,1,1,1,-1,1,-1
379,HBA2:c.178G>C,1,1,1,-1,1,1,1,-1
380,HBA1:c.184_186delAAG,0,0,0,0,0,0,0,-1
381,HBA1:c.187_189delGTG,0,1,0,0,0,0,0,-1
382,HBA1:c.187delG,0,0,0,0,0,0,0,1
383,HBA1:c.193_225del33,0,0,0,0,0,0,0,0
384,HBA2:c.190T>C,1,1,1,-1,1,1,1,-1
385,HBA1:c.212_214delGAC,0,0,0,0,0,0,0,-1
386,HBA1:c.237delC,0,1,0,0,0,0,0,-1
387,HBA1:c.247_255del,0,0,0,0,0,0,0,0
388,HBA2:c.271A>T,1,1,1,-1,0,-1,0,-1
389,HBA2:c.281T>G,1,1,1,-1,1,-1,1,-1
390,HBA1:c.280_300ins21,0,0,0,0,0,0,0,0
391,HBA2:c.300+2T>A,0,1,0,0,0,0,0,1
392,HBA2:c.301-1G>A,0,1,0,0,0,0,0,1
393,HBA1:c.301-2A>G,0,1,0,0,0,0,0,1
394,HBA2:c.311A>T,1,1,1,1,-1,-1,1,-1
395,HBA1:c.313T>A,-1,-1,1,-1,-1,-1,-1,-1
396,HBA2:c.314G>A,-1,1,1,-1,-1,-1,-1,-1
397,HBA2:c.326C>A,0,-1,0,0,0,0,0,-1
398,HBA1:c.327delC,0,0,0,0,0,0,0,-1
399,HBA2:c.329T>G,1,1,1,1,1,-1,1,-1
402,HBA2:c.339delC,0,1,0,0,0,0,0,-1
405,HBA2:c.349G>T,1,1,1,-1,0,-1,0,1
406,HBA1:c.358C>T,-1,1,-1,-1,-1,-1,-1,-1
407,HBA1:c.370G>C,1,1,1,-1,-1,-1,1,-1
408,HBA2:c.377T>C,-1,1,1,-1,-1,-1,1,-1
409,HBA2:c.377T>G,-1,1,1,-1,-1,-1,1,-1
411,HBA1:c.391T>C,1,1,1,-1,1,-1,1,-1
412,HBA2:c.389T>C,1,1,1,1,1,-1,1,-1
413,HBA2:c.391G>C,-1,-1,-1,-1,-1,-1,-1,-1
414,HBA2:c.394T>C,-1,-1,-1,-1,-1,-1,-1,-1
416,HBA1:c.396_397insT,0,0,0,0,0,0,0,-1
417,HBA2:c.410T>C,1,1,1,-1,1,-1,1,-1
418,HBA2:c.427T>C,-1,-1,1,1,0,-1,0,-1
419,HBA2:c.427T>A,-1,-1,1,1,0,-1,0,-1
420,HBA2:c.428A>C,-1,-1,1,-1,0,-1,0,-1
421,HBA2:c.427T>G,-1,-1,1,1,0,-1,0,-1
422,HBA2:c.429A>T,-1,-1,1,1,0,-1,0,-1
424,HBA2:c.*94A>G,0,-1,0,0,0,0,0,-1
425,HBA2:c.*92A>G,0,-1,0,0,0,0,0,-1
426,HBA2:c.*93_*94delAA,0,-1,0,0,0,0,0,-1
427,HBA2:c.*94A>C,0,-1,0,0,0,0,0,-1
428,HBA2:c.*74_*89delCCTTCCTGGTCTTTGA,0,0,0,0,0,0,0,0
434,HBA2:c.5T>C,-1,1,-1,-1,-1,-1,-1,-1
435,HBA1:c.8T>G,-1,-1,-1,-1,-1,-1,-1,1
442,HBA1:c.19G>T,1,1,1,1,1,-1,1,-1
447,HBA1:c.20A>G,1,1,1,1,-1,-1,1,-1
453,HBA1:c.29A>G,-1,-1,-1,-1,-1,-1,-1,-1
454,HBA2:c.29A>G,-1,-1,-1,-1,-1,-1,-1,-1
456,HBA1:c.30C>A,1,1,1,1,1,1,1,1
456,HBA1:c.30C>G,1,1,1,1,1,1,1,1
457,HBA2:c.30C>G,1,1,1,1,1,1,1,1
458,HBA2:c.34A>C,1,-1,1,-1,1,-1,1,1
461,HBA2:c.38C>A,-1,1,1,-1,1,1,1,-1
465,HBA1:c.46G>C,-1,1,1,1,1,1,1,-1
466,HBA1:c.47G>A,-1,-1,-1,-1,-1,-1,-1,1
467,HBA2:c.49A>G,-1,1,1,-1,1,-1,1,1
468,HBA1:c.50A>T,-1,-1,1,-1,-1,-1,1,1
469,HBA2:c.50A>C,-1,1,1,-1,1,-1,1,1
471,HBA1:c.55G>C,-1,-1,1,-1,1,1,1,-1
479,HBA2:c.63C>A,-1,1,1,1,1,1,1,1
481,HBA2:c.64G>C,1,1,1,-1,1,1,1,-1
484,HBA2:c.70G>C,-1,-1,-1,-1,-1,-1,-1,-1
490,HBA2:c.73T>G,-1,1,-1,-1,-1,-1,-1,-1
494,HBA2:c.80C>A,1,-1,1,-1,1,1,1,-1
495,HBA2:c.82G>A,-1,1,1,-1,1,-1,1,-1
496,HBA2:c.83A>G,-1,-1,-1,-1,-1,-1,-1,-1
497,HBA2:c.83A>T,1,1,1,-1,1,-1,1,1
499,HBA2:c.84G>C,-1,-1,1,1,1,1,1,1
502,HBA2:c.91G>C,-1,-1,1,-1,1,1,1,-1
503,HBA2:c.91G>A,1,-1,1,-1,1,1,1,1
505,HBA1:c.92A>T,-1,1,-1,-1,-1,-1,-1,1
506,HBA2:c.96G>C,1,1,1,-1,1,-1,1,1
506,HBA2:c.96G>T,1,1,1,-1,1,-1,1,1
509,HBA1:c.104T>G,-1,-1,-1,-1,-1,-1,-1,-1
514,HBA2:c.113C>T,1,1,1,-1,1,-1,1,-1
521,HBA2:c.122A>T,-1,1,1,-1,1,-1,1,1
523,HBA1:c.123G>C,-1,1,1,1,1,-1,1,1
529,HBA2:c.132C>G,1,1,1,-1,1,-1,1,-1
533,HBA2:c.134C>T,-1,1,-1,-1,-1,-1,-1,-1
536,HBA1:c.137A>G,-1,1,1,1,-1,-1,1,-1
537,HBA2:c.137A>C,-1,1,1,-1,-1,-1,1,-1
541,HBA2:c.142G>C,1,1,1,-1,-1,-1,1,-1
543,HBA2:c.142G>T,-1,-1,-1,-1,-1,-1,-1,1
548,HBA2:c.150C>A,-1,-1,1,-1,-1,1,-1,-1
549,HBA2:c.151C>G,1,1,1,-1,1,-1,1,1
550,HBA1:c.152A>T,1,1,1,1,1,1,1,-1
552,HBA2:c.153C>A,-1,1,1,1,1,1,1,1
552,HBA2:c.153C>G,-1,1,1,1,1,1,1,1
553,HBA1:c.154G>A,1,-1,-1,-1,-1,1,-1,1
554,HBA2:c.154G>C,-1,-1,-1,-1,-1,-1,-1,-1
556,HBA1:c.157_180del,0,0,0,0,0,0,0,0
558,HBA2:c.161C>A,1,1,1,1,1,1,1,1
559,HBA1:c.163C>G,-1,1,1,-1,1,1,1,1
560,HBA2:c.164A>G,-1,-1,1,-1,1,-1,1,-1
561,HBA1:c.166G>C,-1,1,1,1,1,1,1,1
563,HBA2:c.167T>C,1,-1,-1,-1,-1,-1,-1,-1
566,HBA1:c.170A>C,-1,-1,1,-1,-1,1,1,1
567,HBA1:c.171G>C,1,1,1,1,1,1,1,-1
567,HBA1:c.171G>T,1,1,1,1,1,1,1,1
569,HBA1:c.173G>A,1,1,1,1,1,1,1,-1
570,HBA2:c.175C>T,-1,1,1,1,1,-1,1,-1
571,HBA2:c.177C>A,-1,-1,-1,-1,-1,-1,-1,-1
578,HBA1:c.183G>T,-1,1,1,-1,-1,-1,-1,-1
581,HBA2:c.185A>C,-1,1,1,-1,1,-1,1,-1
582,HBA1:c.186G>C,-1,1,1,-1,-1,-1,-1,-1
582,HBA1:c.186G>T,-1,1,1,-1,-1,-1,-1,-1
583,HBA2:c.187G>A,1,1,1,-1,1,-1,1,1
593,HBA2:c.205A>G,1,1,1,1,1,1,1,1
594,HBA1:c.205A>C,1,1,1,1,1,1,1,1
596,HBA2:c.207C>A,1,1,1,1,1,1,1,1
596,HBA2:c.207C>G,1,1,1,1,1,1,1,1
597,HBA1:c.207_208insGCGCTGACCAAC,0,-1,0,0,0,0,0,0
599,HBA1:c.211G>A,-1,1,-1,1,-1,-1,-1,-1
604,HBA2:c.218A>G,-1,-1,1,-1,1,-1,1,1
605,HBA2:c.219C>A,-1,1,1,-1,-1,1,1,1
606,HBA2:c.223G>A,1,-1,1,-1,-1,-1,1,1
607,HBA1:c.223G>C,-1,-1,1,-1,-1,-1,-1,1
609,HBA1:c.224A>G,1,1,1,1,1,1,1,-1
611,HBA2:c.226_228delGAC,0,-1,0,0,0,0,0,-1
612,HBA2:c.226G>A,1,1,1,-1,1,1,1,1
613,HBA2:c.226G>C,-1,-1,1,-1,-1,1,1,1
614,HBA2:c.226G>T,-1,-1,1,-1,-1,1,-1,1
615,HBA2:c.227A>T,1,1,1,-1,1,-1,1,-1
618,HBA2:c.230T>C,1,-1,1,-1,1,-1,1,1
621,HBA2:c.233C>A,-1,1,1,-1,1,1,1,1
628,HBA2:c.239C>G,-1,1,-1,-1,-1,-1,-1,-1
629,HBA2:c.241C>G,1,1,-1,-1,-1,-1,-1,-1
630,HBA2:c.242T>G,1,1,1,1,-1,-1,1,-1
631,HBA2:c.244T>C,1,1,1,-1,1,-1,-1,-1
632,HBA1:c.245C>G,1,-1,1,-1,-1,-1,-1,1
635,HBA2:c.251T>C,1,1,1,-1,1,1,1,-1
637,HBA1:c.253A>C,-1,1,1,1,-1,-1,1,-1
637,HBA1:c.255C>A,-1,-1,-1,-1,-1,-1,-1,-1
637,HBA1:c.255C>G,-1,-1,-1,-1,-1,-1,-1,-1
639,HBA1:c.256G>A,-1,1,1,-1,-1,-1,-1,-1
642,HBA2:c.257A>T,1,1,1,-1,1,-1,1,-1
645,HBA2:c.262C>T,1,1,1,-1,1,-1,1,-1
647,HBA1:c.262C>G,1,1,1,-1,1,-1,1,-1
649,HBA1:c.263A>C,-1,-1,-1,-1,-1,-1,-1,1
657,HBA2:c.269A>T,-1,1,-1,-1,-1,-1,-1,-1
658,HBA1:c.270C>G,-1,1,1,-1,1,1,1,1
663,HBA1:c.272A>C,1,1,-1,-1,-1,-1,1,-1
664,HBA2:c.273G>T,1,1,1,-1,1,1,1,1
665,HBA1:c.274C>T,1,1,1,-1,1,-1,1,-1
668,HBA1:c.278G>A,1,1,1,-1,1,-1,1,-1
669,HBA2:c.278G>T,1,1,-1,-1,-1,-1,-1,-1
672,HBA1:c.281T>C,1,1,1,-1,-1,-1,1,-1
673,HBA2:c.283G>T,-1,-1,-1,-1,-1,-1,-1,1
674,HBA2:c.283G>A,-1,1,1,-1,1,-1,1,-1
675,HBA2:c.283G>C,1,1,1,-1,1,-1,1,-1
677,HBA1:c.284A>C,1,1,1,1,1,1,1,-1
678,HBA1:c.284A>G,1,1,1,1,1,1,1,-1
680,HBA2:c.286C>G,-1,-1,-1,-1,-1,-1,-1,1
681,HBA1:c.286C>A,1,1,1,1,1,-1,1,-1
682,HBA2:c.286C>T,-1,-1,-1,-1,-1,-1,-1,1
683,HBA2:c.287C>T,-1,-1,-1,-1,-1,-1,-1,1
684,HBA1:c.287C>G,1,1,1,1,1,-1,1,-1
685,HBA1:c.287C>A,1,1,1,1,1,-1,1,-1
686,HBA2:c.290T>A,1,1,1,-1,-1,-1,-1,-1
687,HBA2:c.292A>C,-1,1,1,-1,1,1,1,-1
688,HBA2:c.294C>A,-1,1,1,-1,1,-1,1,-1
690,HBA1:c.298A>G,-1,-1,-1,-1,1,-1,-1,1
691,HBA1:c.300G>T,-1,1,1,-1,-1,-1,1,-1
692,HBA2:c.307A>C,-1,1,-1,-1,-1,-1,-1,-1
693,HBA1:c.309C>A,1,1,-1,-1,-1,-1,-1,-1
694,HBA2:c.309C>A,1,1,-1,-1,-1,-1,-1,-1
695,HBA1:c.310C>T,-1,-1,-1,-1,-1,-1,-1,1
696,HBA2:c.310C>T,1,1,1,1,1,-1,1,-1
701,HBA1:c.320T>C,1,1,1,-1,-1,-1,1,-1
707,HBA2:c.335C>T,-1,-1,-1,-1,-1,-1,-1,-1
708,HBA1:c.337C>G,-1,-1,1,-1,1,-1,1,1
713,HBA2:c.343C>T,1,1,1,-1,1,-1,1,1
715,HBA1:c.344C>T,1,1,1,1,1,1,1,1
720,HBA1:c.349G>A,-1,-1,1,-1,1,-1,1,1
722,HBA2:c.352T>A,-1,1,1,-1,1,-1,1,-1
723,HBA1:c.349_357dup,0,0,0,0,0,0,0,0
724,HBA1:c.354_355insATC,0,0,0,0,0,0,0,0
726,HBA1:c.359C>T,-1,1,1,-1,1,-1,-1,-1
727,HBA2:c.362C>A,-1,1,1,-1,1,1,1,1
728,HBA1:c.364G>A,1,1,1,-1,1,1,1,1
730,HBA2:c.369C>G,1,1,1,1,-1,1,1,1
736,HBA2:c.377T>A,-1,-1,-1,-1,-1,-1,-1,1
738,HBA1:c.379G>C,1,1,1,-1,1,-1,1,-1
740,HBA1:c.379G>A,-1,1,1,-1,1,-1,-1,-1
741,HBA2:c.380A>G,1,1,1,1,1,1,1,-1
749,HBA1:c.392C>T,-1,-1,-1,-1,-1,-1,-1,-1
750,HBA2:c.392C>A,-1,-1,-1,-1,-1,-1,-1,-1
752,HBA1:c.395C>T,-1,-1,-1,-1,-1,-1,-1,-1
757,NM_000517.4:c.400A>C,-1,-1,1,1,1,1,-1,1
764,HBA2:c.409C>A,1,-1,-1,-1,-1,-1,-1,1
771,HBA1:c.418A>G,-1,1,-1,-1,-1,-1,-1,-1
772,HBA2:c.418A>G,1,1,1,1,1,-1,1,-1
777,HBA2:c.423C>A,1,1,1,-1,0,-1,0,-1
779,HBA2:c.424C>G,-1,-1,1,-1,-1,1,-1,1
780,HBA2:c.424C>T,1,1,1,-1,1,-1,1,-1
781,HBA2:c.425G>C,1,1,1,-1,1,-1,1,-1
790,HBB:c.4G>A,-1,1,1,-1,-1,-1,1,-1
796,HBB:c.8A>C,-1,1,1,-1,-1,-1,-1,1
799,HBB:c.8A>G,-1,-1,-1,-1,-1,-1,-1,-1
800,HBB:c.9T>A,1,1,1,1,1,1,1,0
800,HBB:c.9T>G,1,1,1,1,1,1,1,1
810,HBB:c.19G>A,1,1,1,-1,1,-1,1,1
824,HBB:c.20A>T,-1,-1,-1,-1,-1,-1,-1,0
826,HBB:c.20A>C,1,1,1,1,1,1,1,1
828,HBB:c.22_24delGAG,0,1,0,0,0,0,0,-1
830,HBB:c.23A>G,-1,-1,-1,-1,-1,-1,-1,1
836,HBB:c.27G>C,1,-1,1,-1,-1,-1,1,0
847,HBB:c.35T>A,1,1,1,1,-1,1,-1,0
852,HBB:c.46T>A,1,1,1,1,1,-1,1,0
852,HBB:c.46T>C,1,1,1,1,1,-1,1,1
855,HBB:c.54_59del,0,1,0,0,0,0,0,0
857,HBB:c.52A>C,1,-1,-1,-1,-1,-1,-1,-1
864,HBB:c.61G>A,-1,-1,-1,-1,-1,-1,-1,1
865,HBB:c.62T>G,-1,1,-1,-1,-1,-1,-1,1
866,HBB:c.62T>A,-1,-1,-1,-1,-1,-1,-1,0
872,HBB:c.69_80delAGTTGGTGGTGA,0,1,0,0,0,0,0,0
873,HBB:c.67G>C,-1,-1,-1,-1,-1,-1,-1,0
874,HBB:c.67G>A,-1,1,1,1,1,-1,1,-1
876,HBB:c.68A>C,1,1,1,-1,1,-1,1,-1
878,HBB:c.71_73del,0,1,0,0,0,0,0,1
880,HBB:c.70G>T,-1,1,-1,-1,-1,-1,-1,1
881,HBB:c.71T>C,-1,-1,-1,-1,-1,-1,-1,1
882,HBB:c.71T>G,-1,1,-1,-1,-1,-1,-1,-1
883,HBB:c.71T>A,-1,1,-1,-1,-1,-1,-1,0
885,HBB:c.73G>C,1,1,1,1,1,-1,1,0
894,HBB:c.80A>C,-1,1,1,1,1,-1,1,1
897,HBB:c.83C>T,-1,1,1,1,-1,-1,1,1
900,HBB:c.85C>A,1,1,1,-1,1,-1,1,-1
901,HBB:c.86T>C,1,1,1,1,1,1,1,1
902,HBB:c.86T>A,1,1,1,1,1,1,1,0
905,HBB:c.89G>A,1,1,1,1,-1,-1,-1,-1
908,HBB:c.94C>G,-1,1,-1,-1,-1,-1,-1,0
919,HBB:c.103G>C,1,1,1,1,1,-1,1,0
920,HBB:c.103G>T,1,1,1,1,1,-1,1,-1
921,HBB:c.104T>A,1,1,1,1,1,-1,1,0
922,HBB:c.107A>T,-1,1,1,1,-1,1,1,0
923,HBB:c.109C>A,1,1,1,1,1,1,1,-1
924,HBB:c.109C>G,1,1,1,1,1,1,1,0
925,HBB:c.109C>T,1,1,1,1,1,1,1,-1
926,HBB:c.110C>G,1,1,1,1,1,-1,1,0
927,HBB:c.110C>A,1,1,1,1,1,-1,1,-1
930,HBB:c.113G>C,1,1,1,1,-1,-1,1,0
933,HBB:c.116C>A,-1,1,1,1,1,1,1,-1
934,HBB:c.116C>T,1,1,1,1,1,1,1,-1
939,HBB:c.122G>A,1,1,1,1,1,-1,1,-1
941,HBB:c.123G>C,1,1,1,1,1,-1,1,0
941,HBB:c.123G>T,1,1,1,1,1,-1,1,-1
945,HBB:c.124_126delTTC,0,0,0,0,0,0,0,-1
945,HBB:c.127_129delTTT,0,1,0,0,0,0,0,-1
946,HBB:c.131_139del,0,1,0,0,0,0,0,0
962,HBB:c.142G>T,1,1,1,1,1,-1,-1,-1
965,HBB:c.143A>T,1,1,1,1,1,-1,1,0
974,HBB:c.155C>G,-1,1,1,1,-1,-1,-1,0
977,HBB:c.157G>A,1,1,1,1,1,1,1,1
983,HBB:c.164T>A,1,1,1,1,1,-1,1,0
988,HBB:c.170G>A,1,-1,1,1,-1,1,1,-1
989,HBB:c.170_181del,0,1,0,0,0,0,0,0
1006,HBB:c.187G>C,1,1,1,-1,1,-1,1,0
1009,HBB:c.190C>T,1,1,1,1,1,1,1,-1
1011,HBB:c.191A>G,1,1,1,1,1,1,1,-1
1013,HBB:c.194G>A,1,1,1,1,1,-1,1,-1
1018,HBB:c.199A>G,1,1,1,1,1,-1,1,-1
1024,HBB:c.203T>A,1,1,1,1,1,1,1,0
1026,HBB:c.205C>T,-1,1,1,-1,-1,-1,-1,-1
1027,HBB:c.206T>A,1,1,1,1,1,-1,1,0
1029,HBB:c.204_209dupGCTCGG,0,0,0,0,0,0,0,0
1030,HBB:c.208G>A,1,1,1,1,1,1,1,1
1031,HBB:c.208G>C,1,1,1,1,1,1,1,0
1032,HBB:c.209G>A,1,1,1,1,1,1,1,1
1033,HBB:c.211G>C,1,1,-1,-1,-1,-1,-1,0
1038,HBB:c.219T>A,-1,-1,-1,-1,-1,-1,-1,0
1040,HBB:c.220G>A,1,1,1,-1,1,-1,1,1
1043,HBB:c.220_228delinsGCTCGGTGCCAG,0,1,0,0,0,0,0,0
1044,HBB:c.224_229delGCCTGG,0,-1,0,0,0,0,0,0
1048,HBB:c.224G>A,1,1,1,-1,-1,-1,-1,-1
1049,HBB:c.226_228delCTG,0,-1,0,0,0,0,0,-1
1051,HBB:c.227T>C,1,1,1,1,1,-1,1,-1
1063,HBB:c.238G>C,1,1,1,1,1,1,1,0
1069,HBB:c.245T>G,1,1,1,-1,1,1,1,-1
1070,HBB:c.245T>A,1,1,1,-1,1,1,1,0
1071,HBB:c.247A>C,1,1,1,1,1,1,1,-1
1073,HBB:c.248A>C,1,1,1,1,1,-1,1,-1
1074,HBB:c.248A>T,1,1,1,1,1,-1,1,0
1078,HBB:c.250G>T,-1,-1,-1,-1,-1,1,1,1
1079,HBB:c.251G>A,-1,-1,1,-1,-1,1,1,1
1083,HBB:c.257T>C,1,1,1,-1,1,-1,1,-1
1084,HBB:c.259G>C,1,1,1,1,1,-1,1,0
1086,HBB:c.260C>A,1,1,1,1,1,1,1,-1
1087,HBB:c.262_264delACA,0,-1,0,0,0,0,0,-1
1088,HBB:c.262A>C,1,1,1,1,1,1,1,1
1094,HBB:c.268A>C,1,1,1,1,1,-1,1,-1
1094,HBB:c.270T>A,1,1,1,-1,-1,-1,1,0
1094,HBB:c.270T>G,1,1,1,-1,-1,-1,1,-1
1095,HBB:c.269G>A,-1,1,1,1,1,-1,1,-1
1096,HBB:c.269G>C,1,1,1,1,1,-1,1,0
1099,HBB:c.273G>C,-1,1,1,-1,-1,-1,-1,0
1099,HBB:c.273G>T,-1,1,1,-1,-1,-1,-1,-1
1100,HBB:c.280_294delTGTGACAAGCTGCAC,0,1,0,0,0,0,0,0
1104,HBB:c.277C>T,1,1,1,1,1,1,1,-1
1107,HBB:c.278A>G,1,1,1,1,1,-1,1,-1
1109,HBB:c.279C>A,1,1,1,-1,1,-1,1,-1
1109,HBB:c.279C>G,1,1,1,-1,1,-1,1,0
1111,HBB:c.280T>C,1,1,1,1,1,-1,1,-1
1114,HBB:c.283G>T,1,1,1,1,1,-1,1,-1
1115,HBB:c.283G>C,1,1,1,1,1,-1,1,0
1116,HBB:c.283G>A,-1,1,1,1,-1,-1,-1,-1
1118,HBB:c.271_285dupGAGCTGCACTGTGAC,0,0,0,0,0,0,0,0
1120,HBB:c.287A>T,1,1,1,1,1,-1,1,0
1122,HBB:c.289C>G,1,1,1,-1,1,-1,1,0
1123,HBB:c.290T>C,1,1,1,1,1,1,1,-1
1124,HBB:c.274_288dup,0,0,0,0,0,0,0,0
1125,HBB:c.293_295delACG,0,1,0,0,0,0,0,-1
1126,HBB:c.292C>T,1,1,1,1,1,-1,1,-1
1128,HBB:c.293A>T,1,1,1,1,1,-1,1,0
1129,HBB:c.293A>C,1,1,1,1,1,-1,1,-1
1130,HBB:c.294C>A,1,1,1,-1,-1,-1,1,-1
1130,HBB:c.294C>G,1,1,1,-1,-1,-1,1,0
1131,HBB:c.295G>A,1,1,1,1,1,-1,1,-1
1132,HBB:c.296T>G,1,1,1,1,1,1,1,-1
1134,HBB:c.296T>C,1,1,1,1,1,1,1,-1
1135,HBB:c.298G>T,1,1,1,1,1,1,1,-1
1136,HBB:c.298G>C,1,1,1,1,1,1,1,0
1137,HBB:c.298G>A,-1,1,1,1,1,1,1,-1
1138,HBB:c.299A>G,1,1,1,1,1,1,1,-1
1139,HBB:c.299A>C,1,1,1,1,1,1,1,-1
1140,HBB:c.299A>T,1,1,1,1,1,1,1,0
1141,HBB:c.300T>A,1,1,1,-1,1,-1,1,0
1141,HBB:c.300T>G,1,1,1,-1,1,-1,1,-1
1142,HBB:c.301C>G,1,1,1,1,1,1,1,0
1143,HBB:c.302C>G,1,1,1,1,1,1,1,0
1144,HBB:c.302C>T,1,1,1,1,1,1,1,-1
1146,HBB:c.304G>A,1,1,1,1,1,1,1,-1
1147,HBB:c.305A>G,1,1,1,1,1,-1,1,-1
1149,HBB:c.306G>C,-1,1,1,1,-1,-1,-1,0
1149,HBB:c.306G>T,-1,1,1,1,-1,-1,-1,-1
1154,HBB:c.309C>A,-1,1,1,-1,1,-1,1,-1
1154,HBB:c.309C>G,-1,1,1,-1,1,-1,1,0
1155,HBB:c.310T>G,1,1,1,1,1,1,1,-1
1156,HBB:c.310T>A,1,1,1,1,1,1,1,0
1157,HBB:c.312C>G,1,1,1,1,1,-1,1,0
1163,HBB:c.316C>T,-1,1,1,-1,1,-1,1,-1
1166,HBB:c.320T>C,1,1,1,1,1,1,1,-1
1167,HBB:c.320T>A,1,1,1,1,1,1,1,0
1173,HBB:c.326A>G,-1,1,-1,1,-1,-1,-1,-1
1174,HBB:c.327C>A,-1,1,-1,-1,-1,-1,-1,1
1174,HBB:c.327C>G,-1,1,-1,-1,-1,-1,-1,0
1176,HBB:c.328G>C,-1,1,-1,-1,-1,-1,-1,0
1176,HBB:c.328G>T,-1,1,-1,-1,-1,-1,-1,-1
1177,HBB:c.328G>A,-1,1,-1,-1,-1,-1,-1,-1
1182,HBB:c.337T>C,-1,-1,-1,-1,-1,-1,-1,-1
1187,HBB:c.341T>A,-1,-1,-1,-1,-1,-1,-1,0
1193,HBB:c.347C>T,1,1,1,-1,-1,-1,1,-1
1195,HBB:c.338_349dupGTGTGCTGGCCC,0,0,0,0,0,0,0,0
1199,HBB:c.350A>T,-1,-1,-1,-1,-1,-1,-1,0
1200,HBB:c.351T>A,-1,-1,-1,-1,-1,-1,-1,0
1200,HBB:c.351T>G,-1,-1,-1,-1,-1,-1,-1,-1
1217,HBB:c.364G>C,-1,1,1,1,-1,-1,-1,0
1218,HBB:c.364G>A,-1,1,1,1,-1,-1,-1,1
1222,HBB:c.367T>C,1,1,1,1,-1,1,1,-1
1222,HBB:c.369C>A,1,1,1,-1,-1,-1,-1,-1
1222,HBB:c.369C>G,1,1,1,-1,-1,-1,-1,0
1223,HBB:c.368T>C,1,1,1,1,1,1,1,-1
1228,HBB:c.374C>A,1,1,1,-1,1,-1,-1,-1
1229,HBB:c.374C>T,1,1,1,-1,-1,-1,-1,-1
1230,HBB:c.374C>G,-1,-1,-1,-1,-1,-1,-1,0
1234,HBB:c.380T>A,1,1,-1,-1,-1,-1,-1,0
1235,HBB:c.380T>G,-1,1,-1,-1,-1,-1,-1,-1
1241,HBB:c.385G>C,1,1,1,1,1,-1,1,0
1244,HBB:c.388G>C,1,1,1,-1,1,-1,1,0
1249,HBB:c.392A>G,-1,-1,-1,-1,-1,-1,-1,-1
1250,HBB:c.392A>C,-1,-1,-1,-1,-1,-1,-1,-1
1264,HBB:c.404T>A,1,1,1,-1,-1,-1,-1,0
1265,HBB:c.406G>C,1,1,-1,-1,-1,-1,-1,0
1272,HBB:c.410G>A,-1,1,1,1,1,-1,-1,-1
1274,HBB:c.415G>C,1,1,1,1,1,-1,1,0
1277,HBB:c.418A>T,-1,1,-1,-1,-1,-1,-1,0
1282,HBB:c.421G>A,1,1,1,-1,1,-1,1,-1
1284,HBB:c.422C>T,1,1,1,-1,-1,-1,1,-1
1287,HBB:c.424_426delCTG,0,1,0,0,0,0,0,-1
1288,HBB:c.425_433delTGGCCCACA,0,1,0,0,0,0,0,0
1290,HBB:c.429_430delCC,0,1,0,0,0,0,0,-1
1292,HBB:c.427G>C,1,1,1,-1,-1,-1,-1,0
1293,HBB:c.428C>A,1,1,1,1,1,-1,1,-1
1294,HBB:c.431delA,0,0,0,0,0,0,0,-1
1295,HBB:c.430C>G,1,1,1,1,-1,-1,-1,0
1297,HBB:c.430C>T,1,1,1,1,-1,-1,-1,-1
1298,HBB:c.431A>T,-1,1,1,1,-1,-1,-1,0
1299,HBB:c.431A>G,-1,1,1,1,-1,-1,-1,-1
1300,HBB:c.431A>C,1,1,1,1,-1,-1,1,-1
1301,HBB:c.432C>A,-1,1,1,-1,-1,-1,-1,-1
1301,HBB:c.432C>G,-1,1,1,-1,-1,-1,-1,0
1302,HBB:c.434delA,0,1,0,0,0,0,0,-1
1303,HBB:c.433A>G,-1,1,1,-1,-1,-1,-1,-1
1304,HBB:c.434A>T,-1,1,1,-1,-1,-1,-1,0
1305,HBB:c.435G>C,-1,1,-1,-1,-1,-1,-1,0
1305,HBB:c.435G>T,-1,1,-1,-1,-1,-1,-1,-1
1306,HBB:c.436_437insCT,0,0,0,0,0,0,0,0
1307,HBB:c.436T>A,1,1,1,1,1,-1,1,0
1308,HBB:c.436T>C,1,1,1,1,1,-1,1,-1
1309,HBB:c.436T>G,1,1,1,1,1,-1,1,-1
1310,HBB:c.437A>G,1,1,1,1,1,-1,1,-1
1311,HBB:c.438T>A,1,1,1,-1,0,-1,0,0
1312,HBB:c.439C>G,1,1,1,1,1,-1,1,0
1313,HBB:c.439C>T,1,1,1,1,-1,-1,1,-1
1314,HBB:c.440A>C,1,1,1,1,1,-1,1,-1
1315,HBB:c.440A>T,1,1,1,1,1,-1,1,0
1317,HBB:c.441C>G,1,1,1,-1,-1,-1,1,0
1318,HBB:c.441C>A,1,1,1,-1,-1,-1,1,-1
1319,HBB:c.440_441dupAC,0,0,0,0,0,0,0,0
1320,HBB:c.442_443dupTA,0,0,0,0,0,0,0,0
2023,HBA2:c.353T>C,1,1,1,-1,1,-1,1,-1
2024,HBB:c.430delC,0,1,0,0,0,0,0,-1
2036,NG_000007.3:g.70076C>T,0,1,0,0,0,0,0,0
2037,NG_000007.3:g.70205C>T,0,1,0,0,0,0,0,0
2039,NG_000007.3:g.70491G>A,0,1,0,0,0,0,0,0
2040,NG_000007.3:g.70503C>G,0,1,0,0,0,0,0,0
2041,NG_000007.3:g.70603T>C,0,1,0,0,0,0,0,-1
2044,NG_000007.3:g.70684C>G,0,-1,0,0,0,0,0,0
2045,NG_000007.3:g.70702A>C,0,1,0,0,0,0,0,1
2046,HBB:c.93-40C>T,0,1,0,0,0,0,0,1
2047,NG_000007.3:g.70779G>A,0,1,0,0,0,0,0,1
2048,NG_000007.3:g.70832C>T,0,1,0,0,0,0,0,1
2049,NG_000007.3:g.70877T>A,0,1,0,0,0,0,0,0
2050,HBB:c.180G>A,0,1,0,0,0,0,0,1
2051,NG_000007.3:g.70991G>C,0,1,0,0,0,0,0,0
2053,NG_000007.3:g.71065T>G,0,1,0,0,0,0,0,1
2054,HBB:c.315+74T>G,0,1,0,0,0,0,0,1
2055,NG_000007.3:g.71299A>G,0,1,0,0,0,0,0,1
2056,HBB:c.316-185C>T,0,1,0,0,0,0,0,1
2058,NG_000007.3:g.71943C>T,0,1,0,0,0,0,0,1
2059,NG_000007.3:g.71994T>C,0,1,0,0,0,0,0,1
2060,NG_000007.3:g.72022C>T,0,1,0,0,0,0,0,1
2061,NG_000007.3:g.72085C>T,0,1,0,0,0,0,0,1
2063,HBB:c.*104G>A,0,1,0,0,0,0,0,1
2064,NG_000007.3:g.72153T>A,0,1,0,0,0,0,0,0
2171,NG_000007.3:g.70474C>T,0,-1,0,0,0,0,0,0
2172,HBB:c.-91A>C,0,-1,0,0,0,0,0,0
2174,HBB:c.74delG,0,1,0,0,0,0,0,1
2175,HBB:c.-76A>C,0,1,0,0,0,0,0,0
2176,NG_000007.3:g.70583C>T,0,-1,0,0,0,0,0,-1
2177,HBB:*32A>C,0,-1,0,0,0,0,0,-1
2178,HBB:c.-138C>G,0,-1,0,0,0,0,0,0
2179,HBB:c.-80T>G,0,1,0,0,0,0,0,0
2180,HBB:c.18_19delTG,0,1,0,0,0,0,0,-1
2181,HBB:c.219dupT,0,0,0,0,0,0,0,0
2182,HBB:c.315+2_315+13delTGAGTCTATGGG,0,0,0,0,0,0,0,0
2184,HBB:c.20_45del26bp,0,0,0,0,0,0,0,0
2185,HBB:c.27_28insAGAA,0,0,0,0,0,0,0,0
2187,HBB:c.146delT,0,1,0,0,0,0,0,-1
2188,HBB:c.201delA,0,1,0,0,0,0,0,-1
2189,HBB:c.210delT,0,1,0,0,0,0,0,-1
2191,HBB:c.323_334delGGCAACGTGCTGG,0,0,0,0,0,0,0,0
2192,HBB:c.339_345dupTGTGCTG,0,0,0,0,0,0,0,0
2193,HBB:c.354delC,0,0,0,0,0,0,0,-1
2194,HBB:c.375dupA,0,0,0,0,0,0,0,0
2195,HBB:c.377_382delCAGTGC,0,0,0,0,0,0,0,0
2196,HBB:c.393T>A,1,1,-1,-1,0,-1,0,0
2197,HBB:c.395dupA,0,0,0,0,0,0,0,0
2200,HBB:c.316-86_316-85insCTGCTTTTATTTT,0,0,0,0,0,0,0,0
2203,HBA1:c.-9G>C,0,1,0,0,0,0,0,1
2204,HBA1:c.95+4A>G,0,1,0,0,0,0,0,1
2205,HBA1:c.62_63insT,0,1,0,0,0,0,0,-1
2206,HBA2:c.27delC,0,0,0,0,0,0,0,-1
2208,HBA2:c.75T>G,1,1,-1,-1,0,-1,0,1
2209,HBA2:c.98T>G,-1,1,1,-1,1,-1,1,1
2210,HBA2:c.94A>C,0,1,0,0,0,0,0,1
2211,HBA2:c.112delC,0,0,0,0,0,0,0,-1
2214,HBA2:c.131delT,0,0,0,0,0,0,0,-1
2215,HBA2:c.132delC,0,1,0,0,0,0,0,-1
2216,HBA2:c.143delA,0,1,0,0,0,0,0,-1
2217,HBA2:c.156_157insG,0,0,0,0,0,0,0,-1
2218,HBA2:c.190_231del,0,0,0,0,0,0,0,0
2219,HBA2:c.244delT,0,1,0,0,0,0,0,-1
2220,HBA2:c.305T>C,1,1,1,1,1,-1,1,-1
2221,HBA2:c.349_359delGAGTTCACCCC,0,0,0,0,0,0,0,0
2222,HBA1:c.301-3C>G,0,1,0,0,0,0,0,1
2224,HBA1:c.333_345delCGCCCACCTCCCC,0,0,0,0,0,0,0,0
2225,HBA1:c.*96G>A,0,-1,0,0,0,0,0,-1
2226,HBA2:c.*46C>A,0,-1,0,0,0,0,0,-1
2228,HBA2:c.*107A>G,0,1,0,0,0,0,0,1
2279,HBB:c.308insTC,0,0,0,0,0,0,0,0
2282,HBB:c.420dupT,0,1,0,0,0,0,0,0
2284,HBB:c.424C>G,-1,1,1,-1,1,-1,1,0
2285,HBA1:c.62A>C,-1,1,1,1,1,-1,-1,1
2297,HBB:c.428C>T,1,1,1,1,1,-1,-1,-1
2298,HBB:c.53A>T,-1,1,1,1,1,-1,1,0
2306,HBA2:c.4G>C,-1,-1,1,-1,-1,-1,-1,-1
2308,HBA2:c.264C>G,1,1,-1,-1,1,-1,-1,-1
2311,HBA2: c.274C>T,-1,1,1,-1,1,-1,1,-1
2317,HBA1:c.63C>A,-1,1,1,1,1,1,1,1
2330,HBB:c.69A>T,1,1,1,1,1,1,1,0
2331,HBB:c.106T>C,-1,-1,-1,-1,-1,-1,-1,1
2332,HBB:c.128T>G,1,1,1,1,1,1,1,-1
2337,HBA2:c.350A>T,-1,-1,1,-1,1,-1,1,1
2338,HBA2:c.382A>G,-1,-1,-1,-1,-1,-1,-1,1
2340,HBA1:c.315C>G,-1,1,1,-1,-1,-1,-1,-1
2356,HBA2:c.368A>T,1,1,1,1,-1,-1,-1,-1
2361,HBA2:c.8T>C,1,1,1,-1,1,-1,1,1
2364,HBB:c.433A>T,1,1,1,-1,0,-1,0,0
2367,HBA2:c.265G>A,-1,1,1,-1,1,1,1,-1
2372,HBA2:c.259C>G,-1,1,1,-1,-1,-1,-1,-1
2376,HBA2:c.140T>C,1,1,1,-1,1,-1,1,1
2381,HBA1:c.98T>A,-1,-1,-1,-1,-1,-1,-1,-1
2386,HBA1:c.40G>A,1,1,1,1,1,1,1,1
2393,HBB:c.119delA,0,0,0,0,0,0,0,-1
2407,HBB:c.149_167delinsAGCT,0,0,0,0,0,0,0,0
2412,HBB:c.301C>T,1,1,1,1,1,1,1,-1
2416,HBA1:c.299A>T,-1,1,1,-1,-1,-1,1,-1
2420,HBA2:c.313T>C,1,1,1,-1,-1,-1,-1,-1
2424,HBA2:c.299A>G,-1,1,1,-1,-1,-1,1,-1
2433,HBA2:c.40_45delGCCTGG,0,0,0,0,0,0,0,0
2436,HBA2:c.323delT,0,1,0,0,0,0,0,-1
2438,HBA2:c.69_77delCGAGTATGG,0,0,0,0,0,0,0,0
2445,HBB:c.241_243delAAC,0,0,0,0,0,0,0,-1
2451,HBA1:c.96-2A>G,0,1,0,0,0,0,0,1
2458,HBA2:c.154G>A,1,-1,-1,-1,-1,-1,1,1
2460,HBA2:c.2T>G,1,1,1,-1,1,-1,1,-1
2461,HBB:c.127T>A,1,1,1,1,1,1,1,0
2462,HBB:c.216delT,0,1,0,0,0,0,0,-1
2463,HBB:c.*233G>C,0,-1,0,0,0,0,0,0
2465,HBA2:c.60delG,0,-1,0,0,0,0,0,-1
2467,HBA1:c.298A>T,1,1,1,-1,0,-1,0,-1
2468,HBA1:c.134_135insC,0,0,0,0,0,0,0,1
2469,HBA2:c.22A>T,1,1,1,-1,0,-1,0,-1
2470,HBA2:c.274C>A,-1,1,1,-1,1,-1,1,-1
2480,HBA2:c.388delC,0,0,0,0,0,0,0,-1
2481,HBA2:c.-24C>G,0,1,0,0,0,0,0,1
2487,HBA2:c.94A>G,1,1,1,-1,1,-1,1,1
2488,HBA2:c.75T>A,1,1,-1,-1,0,-1,0,1
2493,HBA2:c.123delG,0,1,0,0,0,0,0,1
2494,HBB:c.-35A>G,0,-1,0,0,0,0,0,1
2495,HBB:c.316-373C>A,0,1,0,0,0,0,0,1
2496,HBB:c.*182G>A,0,1,0,0,0,0,0,0
2499,HBA1:c.38C>A,-1,1,1,1,1,1,1,-1
2500,HBA1:c.142G>C,-1,-1,-1,-1,-1,-1,-1,1
2503,HBA1:c.226G>T,-1,-1,1,-1,-1,1,-1,1
2504,HBA1:c.233C>A,-1,1,1,-1,1,1,1,1
2505,HBA1:c.237C>G,1,1,1,1,1,1,1,1
2506,HBA1:c.262C>T,1,1,1,-1,1,-1,1,-1
2507,HBA1:c.283G>A,-1,1,1,1,1,1,1,-1
2508,HBA1:c.362C>A,-1,1,1,1,1,1,1,1
2510,HBA1:c.84G>C,-1,1,1,1,1,1,-1,1
2518,HBA2:c.45G>A,1,1,1,-1,0,-1,0,1
2519,HBA2:c.382A>T,1,1,1,-1,0,-1,0,-1
2522,HBB:c.209delG,0,-1,0,0,0,0,0,-1
2525,HBB:c.199_207dupAAAGTGCTC,0,0,0,0,0,0,0,0
2526,HBA2:c.428A>T,-1,-1,1,-1,0,-1,0,-1
2527,HBA2:c.343_344insCC,0,0,0,0,0,0,0,0
2528,HBA1:c.193G>A,-1,-1,-1,-1,-1,-1,-1,-1
2529,HBA1:c.151_152insGGAGCC,0,0,0,0,0,0,0,0
2536,HBB:c.-21T>A,0,-1,0,0,0,0,0,0
2538,HBA2:c.77G>A,-1,1,1,-1,-1,-1,1,-1
2539,HBA1:c.283_300+3dup,0,0,0,0,0,0,0,0
2544,HBB:c.122G>C,1,1,1,1,1,-1,1,0
2546,HBB:c.-176C>T,0,1,0,0,0,0,0,0
2549,HBA2:c.264C>A,1,1,-1,-1,1,-1,-1,-1
2553,HBB:c.44delT,0,0,0,0,0,0,0,1
2565,HBB:c.-75G>T,0,-1,0,0,0,0,0,0
2571,HBA1:c.329T>C,1,1,1,1,1,-1,1,-1
2576,HBA2:c.206delA,0,0,0,0,0,0,0,-1
2951,HBA2:c.356C>T,-1,1,-1,-1,-1,-1,-1,-1
2952,HBA2:c.275T>G,-1,-1,-1,-1,-1,-1,-1,1
2954,HBB:c.129delT,0,0,0,0,0,0,0,-1
2955,HBA2:c.149_172del,0,0,0,0,0,0,0,0
2956,HBA2:c.275T>A,-1,-1,-1,-1,-1,-1,-1,1
2957,HBA2:c.96-1G>A,0,1,0,0,0,0,0,1
2958,HBB:c.24dupG,0,1,0,0,0,0,0,0
2959,HBB:c.158delA,0,0,0,0,0,0,0,-1
2960,HBB:c.142_142dupG,0,1,0,0,0,0,0,0
2961,HBB:c.434A>C,-1,1,-1,-1,-1,-1,-1,1
2962,HBB:c.119A>C,1,1,1,-1,1,-1,1,-1
2965,HBB:c.270_273delTGAG,0,1,0,0,0,0,0,-1
2966,HBB:c.296_297dup,0,0,0,0,0,0,0,0
2969,HBB:c.215T>A,-1,1,1,1,1,-1,-1,0
2971,HBA2:c.-81C>A,0,1,0,0,0,0,0,0
2972,HBB:c.126C>A,1,-1,-1,-1,1,-1,1,1
2973,HBB:c.363A>T,1,1,1,1,1,1,1,0
2974,HBB:c.62T>C,-1,-1,-1,-1,-1,-1,-1,1
2975,HBB:c.257T>G,-1,1,1,-1,1,-1,-1,-1
2983,HBA1:c.84G>T,1,1,1,1,1,1,-1,1
2986,HBA1:c.98T>C,-1,-1,1,-1,-1,-1,-1,-1
2988,HBA2:c.-91G>A,0,-1,0,0,0,0,0,0
2990,HBB:c.167_179del,0,0,0,0,0,0,0,0
2991,HBA1:c.326C>A,-1,1,-1,-1,-1,-1,-1,-1
2995,HBA1:c.85G>A,-1,1,1,-1,-1,-1,-1,-1
2997,HBB:c.-122T>A,0,-1,0,0,0,0,0,0
2999,HBA2:c.107C>T,-1,1,-1,-1,-1,-1,-1,-1
3007,HBB:c.9T>C,0,1,0,0,0,0,0,-1
3011,HBB:c.315+81C>T,0,1,0,0,0,0,0,1
3012,HBB:c.315+255T>C,0,1,0,0,0,0,0,1
3013,HBB:c.316-208C>G,0,1,0,0,0,0,0,0
3014,HBB:c.8delA,0,0,0,0,0,0,0,-1
3019,HBB:c.206_212delTCGGTGC,0,0,0,0,0,0,0,0
3023,HBB:c.108C>G,1,1,1,-1,0,-1,0,0
3024,HBB:c.335-346del12bp,0,0,0,0,0,0,0,-1
3027,HBA2:c.3G>T,1,1,1,-1,1,-1,1,-1
3028,HBA2:c.358C>T,-1,1,1,-1,-1,-1,-1,-1
3029,HBA2:c.364_366dupGTG,0,0,0,0,0,0,0,0
3030,HBA1:c.91G>T,1,1,1,-1,0,-1,0,1
3031,HBA1:c.300+1G>A,0,1,0,0,0,0,0,1
3032,HBA1:c.85G>T,-1,1,1,-1,-1,-1,-1,-1
3033,HBA2:c.95+27C>T,0,1,0,0,0,0,0,1
3036,HBA1:c.354_355insTCA,0,0,0,0,0,0,0,0
3037,HBA2:c.55G>C,-1,-1,1,-1,-1,-1,1,-1
3039,HBA2: c.157_180del,0,0,0,0,0,0,0,0
3042,HBA2:c.367C>T,-1,1,1,1,1,-1,1,-1
3044,HBB:c.271delG,0,0,0,0,0,0,0,-1
3046,HBB:c.*115_*116delAA,0,0,0,0,0,0,0,-1
3049,HBA1:c.95+1G>C,0,1,0,0,0,0,0,1
3050,HBA2:c.1A>T,-1,1,1,-1,-1,-1,1,-1
3051,HBA2:c.-3delA,0,0,0,0,0,0,0,-1
3053,HBA2:c.143_146delACCT,0,0,0,0,0,0,0,-1
3054,HBA2:c.169_170delAA,0,0,0,0,0,0,0,1
3055,HBA2:c.220_223delGTGG,0,0,0,0,0,0,0,-1
3056,HBA2:c.313T>A,-1,1,-1,-1,-1,-1,-1,-1
3057,HBB:c.272_295dup,0,0,0,0,0,0,0,0
3061,HBB:c.178_179insT,0,0,0,0,0,0,0,0
3063,HBA2:c.300+55T>G,0,1,0,0,0,0,0,1
3066,HBB:c.93-23T>C,0,1,0,0,0,0,0,-1
3075,HBA1:c.171_172insAGCCACGGCTCTGCCCAAGTTAGG,0,0,0,0,0,0,0,0
3079,HBA2:c.168dup,0,0,0,0,0,0,0,1
3080,HBA2:c.283_300+3dup,0,0,0,0,0,0,0,0
3140,HBA2:c.345delC,0,0,0,0,0,0,0,-1
3147,HBA1:c.2T>A,-1,1,1,-1,-1,-1,1,-1
3175,HBA1:c.176A>T,-1,1,1,1,1,-1,1,-1
3180,NG_000007.3:g.72080A>G,0,1,0,0,0,0,0,1
3217,HBA2:c.94A>T,-1,1,1,-1,1,-1,1,1
3224,HBB:c.-140C>G,0,-1,0,0,0,0,0,0
3225,HBB:c.237_256delGGACAACCTCAAGGGCACCT,0,0,0,0,0,0,0,0
3226,HBB:c.315+2T>G,0,1,0,0,0,0,0,1
3227,HBB:c.376_380dupCCAGT,0,0,0,0,0,0,0,0
3228,HBB:c.349del,0,0,0,0,0,0,0,-1
3246,HBB:c.92+44G>A,0,1,0,0,0,0,0,1
3247,HBB:c.315+209_315+212delTTTT,0,0,0,0,0,0,0,1
3249,HBB:c.408delT,0,0,0,0,0,0,0,-1
3252,HBA1:c.99G>A,-1,1,-1,-1,-1,-1,-1,-1
3253,HBB:c.265_266del,0,0,0,0,0,0,0,-1
3266,HBA1:c.69C>T,0,1,0,0,0,0,0,1
3267,HBA1:c.70G>T,1,1,-1,-1,0,-1,0,1
3280,HBA1:c.178G>C,1,1,1,1,1,-1,1,-1
3281,HBA1:c.393_394insT,0,0,0,0,0,0,0,-1
3286,HBA2:c.184A>T,1,1,1,-1,0,-1,0,-1
3287,HBB:c.268_281delAGTGAGCTGCACTG,0,1,0,0,0,0,0,0
3288,HBB:c.23delA,0,0,0,0,0,0,0,-1
3297,HBB:c.34_42delGTTACTGCC,0,0,0,0,0,0,0,0
3298,HBB:c.182_187delTGAAGG,0,0,0,0,0,0,0,0
3299,HBB:c.235dupC,0,0,0,0,0,0,0,0
3301,HBA2:c.*136A>G,0,1,0,0,0,0,0,0
3302,HBA1:c.*46C>A,0,1,0,0,0,0,0,1
3305,HBA2:c.379delG,0,0,0,0,0,0,0,-1
3306,HBB:c.77_79delGTG,0,1,0,0,0,0,0,1
3308,HBB:c.348_349delinsG,0,1,0,0,0,0,0,-1
3326,HBA1:c.221delT,0,0,0,0,0,0,0,-1
3333,HBA2:c.414C>T,0,1,0,0,0,0,0,1
3334,HBA1:c.184A>T,1,1,1,1,0,-1,0,-1
3345,HBB:c.-29G>T,0,1,0,0,0,0,0,-1
3361,HBB:c.417dupT,0,0,0,0,0,0,0,0
3364,HBB:c.100G>T,-1,1,-1,-1,-1,-1,-1,-1
3365,HBA2:c.301-24delGinsCTCGGCCC,0,1,0,0,0,0,0,0
3384,HBB:c.332T>G,1,1,1,1,1,-1,1,-1
3385,HBB:c.311T>A,1,1,1,1,1,-1,1,0
3386,HBB:c.-126C>A,0,-1,0,0,0,0,0,0
3391,HBB:c.316-202del,0,0,0,0,0,0,0,1
3395,HBA1:c.49A>T,1,1,1,-1,0,-1,0,-1
3399,HBB:c.30delT,0,0,0,0,0,0,0,1
3400,HBB:c.442T>C,-1,-1,1,1,0,1,0,-1
3403,HBA2:c.118_119insA,0,0,0,0,0,0,0,-1
3431,HBA1:c.95+38C>T,0,1,0,0,0,0,0,1
3434,HBA1:c.264C>G,-1,1,-1,-1,1,-1,-1,-1
3437,HBB:c.7delC,0,0,0,0,0,0,0,-1
3442,HBA1:c.157_180dupTCTGCCCAGGTTAAGGGCCACGGC,0,0,0,0,0,0,0,0
3444,HBB:c.443A>C,-1,-1,-1,-1,0,-1,0,-1
3445,HBB:c.92+13G>T,0,1,0,0,0,0,0,1
3446,HBB:c.316-272G>C,0,1,0,0,0,0,0,0
3446,HBB:c.316-272G>T,0,1,0,0,0,0,0,-1
3464,HBB:c.-48A>T,0,-1,0,0,0,0,0,0
3483,HBB:c.364delG,0,0,0,0,0,0,0,1
3484,HBB:c.91delA,0,0,0,0,0,0,0,1
3513,HBB:c.27delG,0,0,0,0,0,0,0,-1
3555,HBB:c.374dup,0,0,0,0,0,0,0,0
3556,HBB:c.373C>A,-1,1,1,-1,1,-1,-1,-1
3557,HBA1:c.130T>C,1,1,1,1,1,-1,1,-1
3558,HBB:c.316-30A>C,0,-1,0,0,0,0,0,-1
3560,HBA1:c.158C>G,-1,1,1,1,1,-1,1,-1
3561,HBB:c.9delT,0,0,0,0,0,0,0,-1
3562,HBB:c.-248A>G,0,-1,0,0,0,0,0,0
3563,HBB:c.379delG,0,0,0,0,0,0,0,-1
3564,HBA2:c.3G>C,1,1,1,-1,1,-1,1,1
3565,HBB:c.92+6T>G,0,1,0,0,0,0,0,1
3568,HBA2:c.85delG,0,0,0,0,0,0,0,1
3569,HBA2:c.268_280delCACAAGCTTCGGG,0,0,0,0,0,0,0,0
3576,HBB:c.315+16G>C,0,1,0,0,0,0,0,0
3587,HBA2:c.277C>G,-1,-1,-1,-1,-1,1,-1,1
3614,HBA1:c.-24C>G,0,1,0,0,0,0,0,1
3699,HBA1:c.8T>C,-1,-1,-1,-1,-1,-1,-1,-1
3671,HBB:c.-126C>T,0,-1,0,0,0,0,0,0
3672,HBB:c.-123A>C,0,1,0,0,0,0,0,0
3673,HBB:c.-123A>G,0,1,0,0,0,0,0,0
3694,HBA2:c.146T>A,-1,-1,-1,-1,-1,-1,1,-1
3695,HBA1:c.396T>C,0,1,0,0,0,0,0,1
3696,HBA2:c.285C>T,0,1,0,0,0,0,0,1
3714,HBA2:c.48_49insT,0,0,0,0,0,0,0,1
3717,HBA1:c.184del,0,0,0,0,0,0,0,1
3718,HBA1:c.287C>T,-1,-1,-1,-1,-1,-1,-1,1
3725,HBA2:c.-41C>G,0,1,0,0,0,0,0,1
3728,HBA2:c.-8A>C,0,-1,0,0,0,0,0,-1
3736,HBA1:c.300+55G>T,0,1,0,0,0,0,0,1
3739,HBA2:c.*134_*135insT,0,0,0,0,0,0,0,0
3740,HBA1:c.-42C>T,0,1,0,0,0,0,0,0
3745,HBA2:c.95+1G>A,0,1,0,0,0,0,0,1
3756,HBA1:c.273G>C,1,1,1,-1,1,1,1,1
3757,HBA1:c.70G>C,-1,-1,-1,-1,-1,-1,-1,-1
3758,HBA2:c.379G>A,-1,1,1,1,1,-1,1,-1
3759,HBA1:c.223G>A,1,-1,1,-1,-1,-1,1,1
3760,HBA1:c.226G>A,1,1,1,-1,-1,1,1,1
3761,HBA2:c.46G>C,-1,1,1,1,1,1,1,-1
3765,HBA2:c.118_120delACC,0,0,0,0,0,0,0,-1
3768,HBA1:c.95+39C>T,0,1,0,0,0,0,0,1
3769,HBA2:c.95+36C>T,0,1,0,0,0,0,0,1
3770,HBA2:c.95+39C>T,0,1,0,0,0,0,0,1
3771,HBB:c.432C>T,0,1,0,0,0,0,0,1
3772,HBB:c.316-37G>T,0,1,0,0,0,0,0,1
3773,HBB:c.316-184T>C,0,1,0,0,0,0,0,-1
3774,HBB:c.315+70G>C,0,1,0,0,0,0,0,0
3775,HBB:c.315+26T>G,0,1,0,0,0,0,0,1
3776,HBB:c.288G>A,0,1,0,0,0,0,0,1
3777,HBB:c.246C>G,0,1,0,0,0,0,0,0
3778,HBB:c.207C>T,0,1,0,0,0,0,0,1
3779,HBB:c.174C>T,0,1,0,0,0,0,0,1
3780,HBB:c.171C>T,0,1,0,0,0,0,0,1
3781,HBB:c.84C>T,0,1,0,0,0,0,0,-1
3782,HBA1:c.95+41G>T,0,1,0,0,0,0,0,1
3783,HBA2:c.300+64A>G,0,1,0,0,0,0,0,1
3784,HBB:c.402G>C,0,1,0,0,0,0,0,0
3785,HBA2:c.-43G>C,0,1,0,0,0,0,0,1
