ithaID,HGVS,BayesDel_addAF_score,CADD_PHRED,ClinPred_score,Condel_score,DANN_score,Eigen-PC-phred_coding,Eigen-phred_coding,FATHMM_score_seperated,fathmm-MKL_coding_score,GERP++_RS,integrated_fitCons_score,LIST-S2_score_seperated,LRT_score,MetaLR_score,MetaSVM_score,MutationAssessor_standalone_score,MutationTaster_score,MutPred_score,phastCons17way_primate,phastCons30way_mammalian,phyloP100way_vertebrate,phyloP30way_mammalian,PolyPhen_score,PROVEAN_score_seperated,REVEL_score,SIFT_score,SiPhy_29way_logOdds,VEST4_score_seperated
1,HBB:c.-240G>A,NA,0,NA,NA,NA,NA,NA,NA,NA,NA,NA,NA,NA,NA,NA,NA,NA,NA,NA,NA,NA,NA,NA,NA,NA,NA,NA,NA
3,HBB:c.-151C>T,NA,1,NA,NA,NA,NA,NA,NA,NA,NA,NA,NA,NA,NA,NA,NA,NA,NA,NA,NA,NA,NA,NA,NA,NA,NA,NA,NA
6,HBB:c.-142C>T,NA,1,NA,NA,NA,NA,NA,NA,NA,NA,NA,NA,NA,NA,NA,NA,NA,NA,NA,NA,NA,NA,NA,NA,NA,NA,NA,NA
7,HBB:c.-140C>T,NA,1,NA,NA,NA,NA,NA,NA,NA,NA,NA,NA,NA,NA,NA,NA,NA,NA,NA,NA,NA,NA,NA,NA,NA,NA,NA,NA
8,HBB:c.-138C>T,NA,1,NA,NA,NA,NA,NA,NA,NA,NA,NA,NA,NA,NA,NA,NA,NA,NA,NA,NA,NA,NA,NA,NA,NA,NA,NA,NA
9,HBB:c.-138C>A,NA,1,NA,NA,NA,NA,NA,NA,NA,NA,NA,NA,NA,NA,NA,NA,NA,NA,NA,NA,NA,NA,NA,NA,NA,NA,NA,NA
10,HBB:c.-137C>G,NA,1,NA,NA,NA,NA,NA,NA,NA,NA,NA,NA,NA,NA,NA,NA,NA,NA,NA,NA,NA,NA,NA,NA,NA,NA,NA,NA
11,HBB:c.-137C>T,NA,1,NA,NA,NA,NA,NA,NA,NA,NA,NA,NA,NA,NA,NA,NA,NA,NA,NA,NA,NA,NA,NA,NA,NA,NA,NA,NA
12,HBB:c.-137C>A,NA,1,NA,NA,NA,NA,NA,NA,NA,NA,NA,NA,NA,NA,NA,NA,NA,NA,NA,NA,NA,NA,NA,NA,NA,NA,NA,NA
13,HBB:c.-136C>G,NA,1,NA,NA,NA,NA,NA,NA,NA,NA,NA,NA,NA,NA,NA,NA,NA,NA,NA,NA,NA,NA,NA,NA,NA,NA,NA,NA
14,HBB:c.-136C>A,NA,1,NA,NA,NA,NA,NA,NA,NA,NA,NA,NA,NA,NA,NA,NA,NA,NA,NA,NA,NA,NA,NA,NA,NA,NA,NA,NA
15,HBB:c.-123A>T,NA,1,NA,NA,NA,NA,NA,NA,NA,NA,NA,NA,NA,NA,NA,NA,NA,NA,NA,NA,NA,NA,NA,NA,NA,NA,NA,NA
16,HBB:c.-106G>C,NA,1,NA,NA,NA,NA,NA,NA,NA,NA,NA,NA,NA,NA,NA,NA,NA,NA,NA,NA,NA,NA,NA,NA,NA,NA,NA,NA
17,HBB:c.-100G>A,NA,1,NA,NA,NA,NA,NA,NA,NA,NA,NA,NA,NA,NA,NA,NA,NA,NA,NA,NA,NA,NA,NA,NA,NA,NA,NA,NA
18,HBB:c.-82C>A,NA,1,NA,NA,NA,NA,NA,NA,NA,NA,NA,NA,NA,NA,NA,NA,NA,NA,NA,NA,NA,NA,NA,NA,NA,NA,NA,NA
19,HBB:c.-82C>T,NA,1,NA,NA,NA,NA,NA,NA,NA,NA,NA,NA,NA,NA,NA,NA,NA,NA,NA,NA,NA,NA,NA,NA,NA,NA,NA,NA
20,HBB:c.-81A>G,NA,1,NA,NA,NA,NA,NA,NA,NA,NA,NA,NA,NA,NA,NA,NA,NA,NA,NA,NA,NA,NA,NA,NA,NA,NA,NA,NA
22,HBB:c.-80T>A,NA,1,NA,NA,NA,NA,NA,NA,NA,NA,NA,NA,NA,NA,NA,NA,NA,NA,NA,NA,NA,NA,NA,NA,NA,NA,NA,NA
23,HBB:c.-80T>C,NA,1,NA,NA,NA,NA,NA,NA,NA,NA,NA,NA,NA,NA,NA,NA,NA,NA,NA,NA,NA,NA,NA,NA,NA,NA,NA,NA
24,HBB:c.-79_78delAA,NA,NA,NA,NA,NA,NA,NA,NA,NA,NA,NA,NA,NA,NA,NA,NA,NA,NA,NA,NA,NA,NA,NA,NA,NA,NA,NA,NA
25,HBB:c.-79A>G,NA,1,NA,NA,NA,NA,NA,NA,NA,NA,NA,NA,NA,NA,NA,NA,NA,NA,NA,NA,NA,NA,NA,NA,NA,NA,NA,NA
26,HBB:c.-79A>C,NA,1,NA,NA,NA,NA,NA,NA,NA,NA,NA,NA,NA,NA,NA,NA,NA,NA,NA,NA,NA,NA,NA,NA,NA,NA,NA,NA
28,HBB:c.-78A>C,NA,1,NA,NA,NA,NA,NA,NA,NA,NA,NA,NA,NA,NA,NA,NA,NA,NA,NA,NA,NA,NA,NA,NA,NA,NA,NA,NA
29,HBB:c.-78A>G,NA,1,NA,NA,NA,NA,NA,NA,NA,NA,NA,NA,NA,NA,NA,NA,NA,NA,NA,NA,NA,NA,NA,NA,NA,NA,NA,NA
30,HBB:c.-77A>T,NA,1,NA,NA,NA,NA,NA,NA,NA,NA,NA,NA,NA,NA,NA,NA,NA,NA,NA,NA,NA,NA,NA,NA,NA,NA,NA,NA
31,HBB:c.-77_-76delAA,NA,NA,NA,NA,NA,NA,NA,NA,NA,NA,NA,NA,NA,NA,NA,NA,NA,NA,NA,NA,NA,NA,NA,NA,NA,NA,NA,NA
32,HBB:c.-75G>C,NA,1,NA,NA,NA,NA,NA,NA,NA,NA,NA,NA,NA,NA,NA,NA,NA,NA,NA,NA,NA,NA,NA,NA,NA,NA,NA,NA
33,HBB:c.-73_-8del45,NA,NA,NA,NA,NA,NA,NA,NA,NA,NA,NA,NA,NA,NA,NA,NA,NA,NA,NA,NA,NA,NA,NA,NA,NA,NA,NA,NA
34,HBB:c.-50A>C,NA,1,NA,NA,NA,NA,NA,NA,NA,NA,NA,NA,NA,NA,NA,NA,NA,NA,NA,NA,NA,NA,NA,NA,NA,NA,NA,NA
35,HBB:c.-43C>T,NA,1,NA,NA,NA,NA,NA,NA,NA,NA,NA,NA,NA,NA,NA,NA,NA,NA,NA,NA,NA,NA,NA,NA,NA,NA,NA,NA
36,HBB:c.-41delT,NA,1,NA,NA,NA,NA,NA,NA,NA,NA,NA,NA,NA,NA,NA,NA,NA,NA,NA,NA,NA,NA,NA,NA,NA,NA,NA,NA
38,HBB:c.-29G>A,NA,1,NA,NA,NA,NA,NA,NA,NA,NA,NA,NA,NA,NA,NA,NA,NA,NA,NA,NA,NA,NA,NA,NA,NA,NA,NA,NA
39,HBB:c.-18C>G,NA,1,NA,NA,NA,NA,NA,NA,NA,NA,NA,NA,NA,NA,NA,NA,NA,NA,NA,NA,NA,NA,NA,NA,NA,NA,NA,NA
40,HBB:c.-11_-8delAAAC,NA,NA,NA,NA,NA,NA,NA,NA,NA,NA,NA,NA,NA,NA,NA,NA,NA,NA,NA,NA,NA,NA,NA,NA,NA,NA,NA,NA
41,HBB:c.-6G>C,NA,1,NA,NA,NA,NA,NA,NA,NA,NA,NA,NA,NA,NA,NA,NA,NA,NA,NA,NA,NA,NA,NA,NA,NA,NA,NA,NA
42,HBB:c.1A>G,1,1,0,1,1,1,1,0,1,1,1,1,NA,0,0,NA,1,1,1,1,1,1,0,1,1,1,1,1
43,HBB:c.1A>C,1,1,0,1,0,1,1,0,1,1,1,1,NA,0,0,NA,1,1,1,1,1,1,0,1,1,1,1,1
44,HBB:c.2T>C,1,1,1,1,1,1,1,0,1,1,1,1,NA,0,1,NA,1,1,1,1,1,1,1,1,1,1,1,1
45,HBB:c.2T>G,1,1,1,1,1,1,1,0,1,1,1,1,NA,1,1,NA,1,1,1,1,1,1,1,1,1,1,1,1
46,HBB:c.2T>A,1,1,1,1,1,1,1,0,1,1,1,1,NA,0,1,NA,1,1,1,1,1,1,1,1,1,1,1,1
47,HBB:c.3G>C,1,1,0,1,1,1,1,0,1,1,1,1,NA,0,1,NA,1,1,1,1,1,1,1,1,1,1,1,1
48,HBB:c.3G>A,1,1,0,1,1,1,1,0,1,1,1,1,NA,0,1,NA,1,1,1,1,1,1,1,1,1,1,1,1
49,HBB:c.3G>T,1,1,0,1,1,1,1,0,1,1,1,1,NA,0,1,NA,1,1,1,1,1,1,1,1,1,1,1,1
50,HBB:c.4delG,NA,1,NA,NA,NA,NA,NA,NA,NA,NA,NA,NA,NA,NA,NA,NA,NA,NA,NA,NA,NA,NA,NA,NA,NA,NA,NA,NA
51,HBB:c.8_16delinsCTGAGGTGAAGTCTGCCTGAGGAGAAGT,NA,NA,NA,NA,NA,NA,NA,NA,NA,NA,NA,NA,NA,NA,NA,NA,NA,NA,NA,NA,NA,NA,NA,NA,NA,NA,NA,NA
52,HBB:c.11dupT,NA,NA,NA,NA,NA,NA,NA,NA,NA,NA,NA,NA,NA,NA,NA,NA,NA,NA,NA,NA,NA,NA,NA,NA,NA,NA,NA,NA
54,HBB:c.17_18delCT,NA,1,NA,NA,NA,NA,NA,NA,NA,NA,NA,NA,NA,NA,NA,NA,NA,NA,NA,NA,NA,NA,NA,NA,NA,NA,NA,NA
56,HBB:c.19G>T,1,1,NA,NA,1,1,1,NA,0,1,1,NA,NA,NA,NA,NA,1,NA,0,0,1,1,NA,NA,NA,NA,1,0
57,HBB:c.20delA,NA,1,NA,NA,NA,NA,NA,NA,NA,NA,NA,NA,NA,NA,NA,NA,NA,NA,NA,NA,NA,NA,NA,NA,NA,NA,NA,NA
58,HBB:c.20delG,NA,1,NA,NA,NA,NA,NA,NA,NA,NA,NA,NA,NA,NA,NA,NA,NA,NA,NA,NA,NA,NA,NA,NA,NA,NA,NA,NA
59,HBB:c.20_32del13,NA,NA,NA,NA,NA,NA,NA,NA,NA,NA,NA,NA,NA,NA,NA,NA,NA,NA,NA,NA,NA,NA,NA,NA,NA,NA,NA,NA
60,HBB:c.22G>T,1,1,NA,NA,1,1,1,NA,1,1,1,NA,NA,NA,NA,NA,1,NA,0,0,1,1,NA,NA,NA,NA,1,0
61,HBB:c.25_26delAA,NA,1,NA,NA,NA,NA,NA,NA,NA,NA,NA,NA,NA,NA,NA,NA,NA,NA,NA,NA,NA,NA,NA,NA,NA,NA,NA,NA
62,HBB:c.27dupG,NA,1,NA,NA,NA,NA,NA,NA,NA,NA,NA,NA,NA,NA,NA,NA,NA,NA,NA,NA,NA,NA,NA,NA,NA,NA,NA,NA
63,HBB:c.28_29insTA,NA,0,NA,NA,NA,NA,NA,NA,NA,NA,NA,NA,NA,NA,NA,NA,NA,NA,NA,NA,NA,NA,NA,NA,NA,NA,NA,NA
64,HBB:c.30dupT,NA,1,NA,NA,NA,NA,NA,NA,NA,NA,NA,NA,NA,NA,NA,NA,NA,NA,NA,NA,NA,NA,NA,NA,NA,NA,NA,NA
65,HBB:c.33C>A,NA,0,NA,NA,NA,NA,NA,NA,NA,NA,NA,NA,NA,NA,NA,NA,NA,NA,NA,NA,NA,NA,NA,NA,NA,NA,NA,NA
66,HBB:c.33delC,NA,0,NA,NA,NA,NA,NA,NA,NA,NA,NA,NA,NA,NA,NA,NA,NA,NA,NA,NA,NA,NA,NA,NA,NA,NA,NA,NA
67,HBB:c.36delT,NA,0,NA,NA,NA,NA,NA,NA,NA,NA,NA,NA,NA,NA,NA,NA,NA,NA,NA,NA,NA,NA,NA,NA,NA,NA,NA,NA
68,HBB:c.44dupT,NA,1,NA,NA,NA,NA,NA,NA,NA,NA,NA,NA,NA,NA,NA,NA,NA,NA,NA,NA,NA,NA,NA,NA,NA,NA,NA,NA
69,HBB:c.45dupG,NA,1,NA,NA,NA,NA,NA,NA,NA,NA,NA,NA,NA,NA,NA,NA,NA,NA,NA,NA,NA,NA,NA,NA,NA,NA,NA,NA
70,HBB:c.46delT,NA,1,NA,NA,NA,NA,NA,NA,NA,NA,NA,NA,NA,NA,NA,NA,NA,NA,NA,NA,NA,NA,NA,NA,NA,NA,NA,NA
71,HBB:c.50dupG,NA,1,NA,NA,NA,NA,NA,NA,NA,NA,NA,NA,NA,NA,NA,NA,NA,NA,NA,NA,NA,NA,NA,NA,NA,NA,NA,NA
72,HBB:c.47G>A,0,1,NA,NA,1,1,1,NA,1,1,1,NA,NA,NA,NA,NA,1,NA,1,1,1,1,NA,NA,NA,NA,1,0
73,HBB:c.48G>A,1,1,NA,NA,1,1,1,NA,1,1,1,NA,NA,NA,NA,NA,1,NA,1,1,1,1,NA,NA,NA,NA,1,0
74,HBB:c.50delG,NA,1,NA,NA,NA,NA,NA,NA,NA,NA,NA,NA,NA,NA,NA,NA,NA,NA,NA,NA,NA,NA,NA,NA,NA,NA,NA,NA
75,HBB:c.51delC,NA,1,NA,NA,NA,NA,NA,NA,NA,NA,NA,NA,NA,NA,NA,NA,NA,NA,NA,NA,NA,NA,NA,NA,NA,NA,NA,NA
76,HBB:c.51C>T,NA,1,NA,NA,NA,NA,NA,NA,NA,NA,NA,NA,NA,NA,NA,NA,NA,NA,NA,NA,NA,NA,NA,NA,NA,NA,NA,NA
77,HBB:c.52A>T,0,1,NA,NA,1,1,1,NA,1,1,1,NA,NA,NA,NA,NA,1,NA,1,1,1,1,NA,NA,NA,NA,1,1
78,HBB:c.53dupA,NA,1,NA,NA,NA,NA,NA,NA,NA,NA,NA,NA,NA,NA,NA,NA,NA,NA,NA,NA,NA,NA,NA,NA,NA,NA,NA,NA
79,HBB:c.59A>G,0,1,0,1,1,0,0,0,1,1,1,1,NA,0,0,NA,1,1,0,0,1,1,0,1,0,1,1,1
80,HBB:c.64_67del,NA,1,NA,NA,NA,NA,NA,NA,NA,NA,NA,NA,NA,NA,NA,NA,NA,NA,NA,NA,NA,NA,NA,NA,NA,NA,NA,NA
81,HBB:c.64dupG,NA,1,NA,NA,NA,NA,NA,NA,NA,NA,NA,NA,NA,NA,NA,NA,NA,NA,NA,NA,NA,NA,NA,NA,NA,NA,NA,NA
83,HBB:c.67G>T,1,1,NA,NA,1,0,1,NA,0,0,1,NA,NA,NA,NA,NA,1,NA,0,0,1,0,NA,NA,NA,NA,0,0
84,HBB:c.68_74delAAGTTGG,NA,1,NA,NA,NA,NA,NA,NA,NA,NA,NA,NA,NA,NA,NA,NA,NA,NA,NA,NA,NA,NA,NA,NA,NA,NA,NA,NA
85,HBB:c.74delinsCAC,NA,NA,NA,NA,NA,NA,NA,NA,NA,NA,NA,NA,NA,NA,NA,NA,NA,NA,NA,NA,NA,NA,NA,NA,NA,NA,NA,NA
86,HBB:c.75T>A,NA,1,NA,NA,NA,NA,NA,NA,NA,NA,NA,NA,NA,NA,NA,NA,NA,NA,NA,NA,NA,NA,NA,NA,NA,NA,NA,NA
87,HBB:c.78dupT,NA,1,NA,NA,NA,NA,NA,NA,NA,NA,NA,NA,NA,NA,NA,NA,NA,NA,NA,NA,NA,NA,NA,NA,NA,NA,NA,NA
88,HBB:c.79G>A,0,1,0,1,1,1,1,0,1,1,1,1,NA,0,1,1,0,NA,1,1,1,1,1,1,1,0,1,1
89,HBB:c.79G>T,1,1,NA,NA,1,1,1,NA,1,1,1,NA,NA,NA,NA,NA,1,NA,1,1,1,1,NA,NA,NA,NA,1,0
90,HBB:c.79_80insT,NA,1,NA,NA,NA,NA,NA,NA,NA,NA,NA,NA,NA,NA,NA,NA,NA,NA,NA,NA,NA,NA,NA,NA,NA,NA,NA,NA
91,HBB:c.82G>T,0,1,0,1,1,1,1,0,1,0,1,1,NA,0,0,0,1,NA,1,1,1,1,0,1,0,0,0,1
92,HBB:c.85dupC,NA,1,NA,NA,NA,NA,NA,NA,NA,NA,NA,NA,NA,NA,NA,NA,NA,NA,NA,NA,NA,NA,NA,NA,NA,NA,NA,NA
93,HBB:c.85delC,NA,1,NA,NA,NA,NA,NA,NA,NA,NA,NA,NA,NA,NA,NA,NA,NA,NA,NA,NA,NA,NA,NA,NA,NA,NA,NA,NA
94,HBB:c.86T>G,1,1,1,1,1,1,1,1,1,1,1,1,NA,1,1,1,1,1,1,1,1,1,1,1,1,1,1,1
95,HBB:c.89delG,NA,1,NA,NA,NA,NA,NA,NA,NA,NA,NA,NA,NA,NA,NA,NA,NA,NA,NA,NA,NA,NA,NA,NA,NA,NA,NA,NA
96,HBB:c.90C>T,NA,1,NA,NA,NA,NA,NA,NA,NA,NA,NA,NA,NA,NA,NA,NA,NA,NA,NA,NA,NA,NA,NA,NA,NA,NA,NA,NA
97,HBB:c.91A>G,1,1,1,1,1,1,1,1,1,1,1,1,NA,1,1,1,1,1,1,1,1,1,1,1,1,1,1,1
98,HBB:c.91A>C,NA,1,NA,NA,NA,NA,NA,NA,NA,NA,NA,NA,NA,NA,NA,NA,NA,NA,NA,NA,NA,NA,NA,NA,NA,NA,NA,NA
99,HBB:c.92G>A,0,1,0,1,1,1,1,1,1,1,1,1,NA,1,1,1,1,1,1,1,1,1,1,1,1,1,1,0
100,HBB:c.92G>C,0,1,1,1,1,1,1,1,1,1,1,0,NA,1,1,NA,1,1,1,1,1,1,1,1,1,1,1,1
101,HBB:c.92+1G>A,NA,1,NA,NA,NA,NA,NA,NA,NA,NA,NA,NA,NA,NA,NA,NA,NA,NA,NA,NA,NA,NA,NA,NA,NA,NA,NA,NA
102,HBB:c.92+1G>T,NA,1,NA,NA,NA,NA,NA,NA,NA,NA,NA,NA,NA,NA,NA,NA,NA,NA,NA,NA,NA,NA,NA,NA,NA,NA,NA,NA
103,HBB:c.92+1G>C,NA,1,NA,NA,NA,NA,NA,NA,NA,NA,NA,NA,NA,NA,NA,NA,NA,NA,NA,NA,NA,NA,NA,NA,NA,NA,NA,NA
104,HBB:c.92+2T>G,NA,1,NA,NA,NA,NA,NA,NA,NA,NA,NA,NA,NA,NA,NA,NA,NA,NA,NA,NA,NA,NA,NA,NA,NA,NA,NA,NA
105,HBB:c.92+2T>C,NA,1,NA,NA,NA,NA,NA,NA,NA,NA,NA,NA,NA,NA,NA,NA,NA,NA,NA,NA,NA,NA,NA,NA,NA,NA,NA,NA
106,HBB:c.92+2T>A,NA,1,NA,NA,NA,NA,NA,NA,NA,NA,NA,NA,NA,NA,NA,NA,NA,NA,NA,NA,NA,NA,NA,NA,NA,NA,NA,NA
107,HBB:c.92+5G>C,NA,1,NA,NA,NA,NA,NA,NA,NA,NA,NA,NA,NA,NA,NA,NA,NA,NA,NA,NA,NA,NA,NA,NA,NA,NA,NA,NA
108,HBB:c.92+5G>T,NA,1,NA,NA,NA,NA,NA,NA,NA,NA,NA,NA,NA,NA,NA,NA,NA,NA,NA,NA,NA,NA,NA,NA,NA,NA,NA,NA
109,HBB:c.92+5G>A,NA,1,NA,NA,NA,NA,NA,NA,NA,NA,NA,NA,NA,NA,NA,NA,NA,NA,NA,NA,NA,NA,NA,NA,NA,NA,NA,NA
111,HBB:c.92+6T>C,NA,1,NA,NA,NA,NA,NA,NA,NA,NA,NA,NA,NA,NA,NA,NA,NA,NA,NA,NA,NA,NA,NA,NA,NA,NA,NA,NA
113,HBB:c.93-21G>A,NA,1,NA,NA,NA,NA,NA,NA,NA,NA,NA,NA,NA,NA,NA,NA,NA,NA,NA,NA,NA,NA,NA,NA,NA,NA,NA,NA
114,HBB:c.93-15T>G,NA,1,NA,NA,NA,NA,NA,NA,NA,NA,NA,NA,NA,NA,NA,NA,NA,NA,NA,NA,NA,NA,NA,NA,NA,NA,NA,NA
115,HBB:c.93-3T>G,NA,1,NA,NA,NA,NA,NA,NA,NA,NA,NA,NA,NA,NA,NA,NA,NA,NA,NA,NA,NA,NA,NA,NA,NA,NA,NA,NA
116,HBB:c.93-2A>C,NA,1,NA,NA,NA,NA,NA,NA,NA,NA,NA,NA,NA,NA,NA,NA,NA,NA,NA,NA,NA,NA,NA,NA,NA,NA,NA,NA
117,HBB:c.93-2A>G,NA,1,NA,NA,NA,NA,NA,NA,NA,NA,NA,NA,NA,NA,NA,NA,NA,NA,NA,NA,NA,NA,NA,NA,NA,NA,NA,NA
118,HBB:c.93-1G>C,NA,1,NA,NA,NA,NA,NA,NA,NA,NA,NA,NA,NA,NA,NA,NA,NA,NA,NA,NA,NA,NA,NA,NA,NA,NA,NA,NA
119,HBB:c.93-1G>A,NA,1,NA,NA,NA,NA,NA,NA,NA,NA,NA,NA,NA,NA,NA,NA,NA,NA,NA,NA,NA,NA,NA,NA,NA,NA,NA,NA
120,HBB:c.93G>C,1,1,1,1,1,1,1,1,1,1,1,0,NA,1,1,1,1,1,1,1,1,1,1,1,1,1,1,0
121,HBB:c.93-17_93-1delTATTTTCCCACCCTTAG,NA,1,NA,NA,NA,NA,NA,NA,NA,NA,NA,NA,NA,NA,NA,NA,NA,NA,NA,NA,NA,NA,NA,NA,NA,NA,NA,NA
124,NG_000007.3:g.70807_70828dup,NA,NA,NA,NA,NA,NA,NA,NA,NA,NA,NA,NA,NA,NA,NA,NA,NA,NA,NA,NA,NA,NA,NA,NA,NA,NA,NA,NA
125,HBB:c.93_94insCGG,NA,NA,NA,NA,NA,NA,NA,NA,NA,NA,NA,NA,NA,NA,NA,NA,NA,NA,NA,NA,NA,NA,NA,NA,NA,NA,NA,NA
126,HBB:c.94delC,NA,1,NA,NA,NA,NA,NA,NA,NA,NA,NA,NA,NA,NA,NA,NA,NA,NA,NA,NA,NA,NA,NA,NA,NA,NA,NA,NA
128,HBB:c.110del,NA,1,NA,NA,NA,NA,NA,NA,NA,NA,NA,NA,NA,NA,NA,NA,NA,NA,NA,NA,NA,NA,NA,NA,NA,NA,NA,NA
129,HBB:c.102_104del,NA,1,NA,NA,NA,NA,NA,NA,NA,NA,NA,NA,NA,NA,NA,NA,NA,NA,NA,NA,NA,NA,NA,NA,NA,NA,NA,NA
130,HBB:c.102_103delG,NA,NA,NA,NA,NA,NA,NA,NA,NA,NA,NA,NA,NA,NA,NA,NA,NA,NA,NA,NA,NA,NA,NA,NA,NA,NA,NA,NA
131,HBB:c.101_106delTGGTCT,NA,NA,NA,NA,NA,NA,NA,NA,NA,NA,NA,NA,NA,NA,NA,NA,NA,NA,NA,NA,NA,NA,NA,NA,NA,NA,NA,NA
132,HBB:c.107A>G,1,1,1,1,1,1,1,0,1,1,1,1,NA,1,1,1,1,1,1,1,1,1,1,1,1,1,1,1
133,HBB:c.108C>A,1,1,NA,NA,1,1,1,NA,1,1,1,NA,NA,NA,NA,NA,1,NA,1,1,1,0,NA,NA,NA,NA,0,1
134,HBB:c.112delT,NA,1,NA,NA,NA,NA,NA,NA,NA,NA,NA,NA,NA,NA,NA,NA,NA,NA,NA,NA,NA,NA,NA,NA,NA,NA,NA,NA
135,HBB:c.111_118delTTGGACCC,NA,1,NA,NA,NA,NA,NA,NA,NA,NA,NA,NA,NA,NA,NA,NA,NA,NA,NA,NA,NA,NA,NA,NA,NA,NA,NA,NA
136,HBB:c.114delG,NA,1,NA,NA,NA,NA,NA,NA,NA,NA,NA,NA,NA,NA,NA,NA,NA,NA,NA,NA,NA,NA,NA,NA,NA,NA,NA,NA
137,HBB:c.114G>A,1,1,NA,NA,1,1,1,NA,1,1,1,NA,NA,NA,NA,NA,1,NA,1,1,1,1,NA,NA,NA,NA,1,1
138,HBB:c.113G>A,1,1,NA,NA,1,1,1,NA,1,1,1,NA,NA,NA,NA,NA,1,NA,1,1,1,1,NA,NA,NA,NA,1,1
139,HBB:c.114_120delGACCCAG,NA,1,NA,NA,NA,NA,NA,NA,NA,NA,NA,NA,NA,NA,NA,NA,NA,NA,NA,NA,NA,NA,NA,NA,NA,NA,NA,NA
140,HBB:c.118delC,NA,1,NA,NA,NA,NA,NA,NA,NA,NA,NA,NA,NA,NA,NA,NA,NA,NA,NA,NA,NA,NA,NA,NA,NA,NA,NA,NA
141,HBB:c.117_118delCC,NA,1,NA,NA,NA,NA,NA,NA,NA,NA,NA,NA,NA,NA,NA,NA,NA,NA,NA,NA,NA,NA,NA,NA,NA,NA,NA,NA
142,HBB:c.118C>T,0,1,NA,NA,1,1,1,NA,1,1,1,NA,NA,NA,NA,NA,1,NA,1,1,1,1,NA,NA,NA,NA,1,1
143,HBB:c.123delG,NA,1,NA,NA,NA,NA,NA,NA,NA,NA,NA,NA,NA,NA,NA,NA,NA,NA,NA,NA,NA,NA,NA,NA,NA,NA,NA,NA
144,HBB:c.123_208dup,NA,NA,NA,NA,NA,NA,NA,NA,NA,NA,NA,NA,NA,NA,NA,NA,NA,NA,NA,NA,NA,NA,NA,NA,NA,NA,NA,NA
145,HBB:c.125dupT,NA,1,NA,NA,NA,NA,NA,NA,NA,NA,NA,NA,NA,NA,NA,NA,NA,NA,NA,NA,NA,NA,NA,NA,NA,NA,NA,NA
146,HBB:c.126delC,NA,1,NA,NA,NA,NA,NA,NA,NA,NA,NA,NA,NA,NA,NA,NA,NA,NA,NA,NA,NA,NA,NA,NA,NA,NA,NA,NA
147,HBB:c.126_129delCTTT,NA,1,NA,NA,NA,NA,NA,NA,NA,NA,NA,NA,NA,NA,NA,NA,NA,NA,NA,NA,NA,NA,NA,NA,NA,NA,NA,NA
148,HBB:c.129dupT,NA,1,NA,NA,NA,NA,NA,NA,NA,NA,NA,NA,NA,NA,NA,NA,NA,NA,NA,NA,NA,NA,NA,NA,NA,NA,NA,NA
149,HBB:c.130dupG,NA,1,NA,NA,NA,NA,NA,NA,NA,NA,NA,NA,NA,NA,NA,NA,NA,NA,NA,NA,NA,NA,NA,NA,NA,NA,NA,NA
150,HBB:c.130G>T,1,1,NA,NA,1,1,1,NA,0,1,1,NA,NA,NA,NA,NA,1,NA,1,1,0,1,NA,NA,NA,NA,0,1
151,HBB:c.135delC,NA,1,NA,NA,NA,NA,NA,NA,NA,NA,NA,NA,NA,NA,NA,NA,NA,NA,NA,NA,NA,NA,NA,NA,NA,NA,NA,NA
152,HBB:c.138delT,NA,1,NA,NA,NA,NA,NA,NA,NA,NA,NA,NA,NA,NA,NA,NA,NA,NA,NA,NA,NA,NA,NA,NA,NA,NA,NA,NA
153,HBB:c.138dupT,NA,1,NA,NA,NA,NA,NA,NA,NA,NA,NA,NA,NA,NA,NA,NA,NA,NA,NA,NA,NA,NA,NA,NA,NA,NA,NA,NA
154,HBB:c.38_139insA,NA,1,NA,NA,NA,NA,NA,NA,NA,NA,NA,NA,NA,NA,NA,NA,NA,NA,NA,NA,NA,NA,NA,NA,NA,NA,NA,NA
155,HBB:c.143dup,NA,1,NA,NA,NA,NA,NA,NA,NA,NA,NA,NA,NA,NA,NA,NA,NA,NA,NA,NA,NA,NA,NA,NA,NA,NA,NA,NA
156,HBB:c.143_146dupATCT,NA,NA,NA,NA,NA,NA,NA,NA,NA,NA,NA,NA,NA,NA,NA,NA,NA,NA,NA,NA,NA,NA,NA,NA,NA,NA,NA,NA
157,HBB:c.150delC,NA,NA,NA,NA,NA,NA,NA,NA,NA,NA,NA,NA,NA,NA,NA,NA,NA,NA,NA,NA,NA,NA,NA,NA,NA,NA,NA,NA
158,HBB:c.153delT,NA,1,NA,NA,NA,NA,NA,NA,NA,NA,NA,NA,NA,NA,NA,NA,NA,NA,NA,NA,NA,NA,NA,NA,NA,NA,NA,NA
159,HBB:c.155delC,NA,1,NA,NA,NA,NA,NA,NA,NA,NA,NA,NA,NA,NA,NA,NA,NA,NA,NA,NA,NA,NA,NA,NA,NA,NA,NA,NA
160,HBB:c.162delT,NA,1,NA,NA,NA,NA,NA,NA,NA,NA,NA,NA,NA,NA,NA,NA,NA,NA,NA,NA,NA,NA,NA,NA,NA,NA,NA,NA
161,HBB:c.163dupG,NA,1,NA,NA,NA,NA,NA,NA,NA,NA,NA,NA,NA,NA,NA,NA,NA,NA,NA,NA,NA,NA,NA,NA,NA,NA,NA,NA
162,HBB:c.165delT,NA,1,NA,NA,NA,NA,NA,NA,NA,NA,NA,NA,NA,NA,NA,NA,NA,NA,NA,NA,NA,NA,NA,NA,NA,NA,NA,NA
163,HBB:c.166dupA,NA,1,NA,NA,NA,NA,NA,NA,NA,NA,NA,NA,NA,NA,NA,NA,NA,NA,NA,NA,NA,NA,NA,NA,NA,NA,NA,NA
164,HBB:c.165_177delTATGGGCAACCCT,NA,1,NA,NA,NA,NA,NA,NA,NA,NA,NA,NA,NA,NA,NA,NA,NA,NA,NA,NA,NA,NA,NA,NA,NA,NA,NA,NA
165,HBB:c.166delA,NA,1,NA,NA,NA,NA,NA,NA,NA,NA,NA,NA,NA,NA,NA,NA,NA,NA,NA,NA,NA,NA,NA,NA,NA,NA,NA,NA
166,HBB:c.170_171insGCAACCCTAAGGTG,NA,NA,NA,NA,NA,NA,NA,NA,NA,NA,NA,NA,NA,NA,NA,NA,NA,NA,NA,NA,NA,NA,NA,NA,NA,NA,NA,NA
167,HBB:c.176dupC,NA,1,NA,NA,NA,NA,NA,NA,NA,NA,NA,NA,NA,NA,NA,NA,NA,NA,NA,NA,NA,NA,NA,NA,NA,NA,NA,NA
168,HBB:c.179delA,NA,1,NA,NA,NA,NA,NA,NA,NA,NA,NA,NA,NA,NA,NA,NA,NA,NA,NA,NA,NA,NA,NA,NA,NA,NA,NA,NA
169,HBB:c.178A>T,1,1,NA,NA,1,1,1,NA,1,1,1,NA,NA,NA,NA,NA,1,NA,1,1,1,1,NA,NA,NA,NA,1,1
170,HBB:c.182T>A,1,1,1,1,1,1,1,0,1,1,1,1,NA,1,1,1,1,1,1,1,1,1,1,1,1,1,1,1
171,HBB:c.189_195delTCATGGC,NA,1,NA,NA,NA,NA,NA,NA,NA,NA,NA,NA,NA,NA,NA,NA,NA,NA,NA,NA,NA,NA,NA,NA,NA,NA,NA,NA
172,HBB:c.184A>T,1,1,NA,NA,1,1,1,NA,0,0,1,NA,NA,NA,NA,NA,1,NA,1,1,0,1,NA,NA,NA,NA,1,1
173,HBB:c.194delG,NA,1,NA,NA,NA,NA,NA,NA,NA,NA,NA,NA,NA,NA,NA,NA,NA,NA,NA,NA,NA,NA,NA,NA,NA,NA,NA,NA
174,HBB:c.199A>T,1,1,NA,NA,1,1,1,NA,1,1,1,NA,NA,NA,NA,NA,1,NA,1,1,1,1,NA,NA,NA,NA,1,1
175,HBB:c.203_204delGT,NA,1,NA,NA,NA,NA,NA,NA,NA,NA,NA,NA,NA,NA,NA,NA,NA,NA,NA,NA,NA,NA,NA,NA,NA,NA,NA,NA
176,HBB:c.216dupT,NA,1,NA,NA,NA,NA,NA,NA,NA,NA,NA,NA,NA,NA,NA,NA,NA,NA,NA,NA,NA,NA,NA,NA,NA,NA,NA,NA
177,HBB:c.217dupA,NA,1,NA,NA,NA,NA,NA,NA,NA,NA,NA,NA,NA,NA,NA,NA,NA,NA,NA,NA,NA,NA,NA,NA,NA,NA,NA,NA
178,HBB: c.217_221delAGTGAinsT,NA,1,NA,NA,NA,NA,NA,NA,NA,NA,NA,NA,NA,NA,NA,NA,NA,NA,NA,NA,NA,NA,NA,NA,NA,NA,NA,NA
179,HBB:c.225delC,NA,NA,NA,NA,NA,NA,NA,NA,NA,NA,NA,NA,NA,NA,NA,NA,NA,NA,NA,NA,NA,NA,NA,NA,NA,NA,NA,NA
179,HBB:c.226delC,NA,1,NA,NA,NA,NA,NA,NA,NA,NA,NA,NA,NA,NA,NA,NA,NA,NA,NA,NA,NA,NA,NA,NA,NA,NA,NA,NA
180,HBB:c.229_230delGC,NA,1,NA,NA,NA,NA,NA,NA,NA,NA,NA,NA,NA,NA,NA,NA,NA,NA,NA,NA,NA,NA,NA,NA,NA,NA,NA,NA
181,HBB:c.230delC,NA,1,NA,NA,NA,NA,NA,NA,NA,NA,NA,NA,NA,NA,NA,NA,NA,NA,NA,NA,NA,NA,NA,NA,NA,NA,NA,NA
182,HBB:c.235del,NA,1,NA,NA,NA,NA,NA,NA,NA,NA,NA,NA,NA,NA,NA,NA,NA,NA,NA,NA,NA,NA,NA,NA,NA,NA,NA,NA
183,HBB:c.244delC,NA,1,NA,NA,NA,NA,NA,NA,NA,NA,NA,NA,NA,NA,NA,NA,NA,NA,NA,NA,NA,NA,NA,NA,NA,NA,NA,NA
184,HBB:c.244_265del22,NA,NA,NA,NA,NA,NA,NA,NA,NA,NA,NA,NA,NA,NA,NA,NA,NA,NA,NA,NA,NA,NA,NA,NA,NA,NA,NA,NA
185,HBB:c.251delG,NA,1,NA,NA,NA,NA,NA,NA,NA,NA,NA,NA,NA,NA,NA,NA,NA,NA,NA,NA,NA,NA,NA,NA,NA,NA,NA,NA
186,HBB:c.253_260del,NA,1,NA,NA,NA,NA,NA,NA,NA,NA,NA,NA,NA,NA,NA,NA,NA,NA,NA,NA,NA,NA,NA,NA,NA,NA,NA,NA
187,HBB:c.255dupC,NA,NA,NA,NA,NA,NA,NA,NA,NA,NA,NA,NA,NA,NA,NA,NA,NA,NA,NA,NA,NA,NA,NA,NA,NA,NA,NA,NA
188,HBB:c.258dupT,NA,NA,NA,NA,NA,NA,NA,NA,NA,NA,NA,NA,NA,NA,NA,NA,NA,NA,NA,NA,NA,NA,NA,NA,NA,NA,NA,NA
189,HBB:c.266dupT,NA,1,NA,NA,NA,NA,NA,NA,NA,NA,NA,NA,NA,NA,NA,NA,NA,NA,NA,NA,NA,NA,NA,NA,NA,NA,NA,NA
190,HBB:c.266_267del,NA,1,NA,NA,NA,NA,NA,NA,NA,NA,NA,NA,NA,NA,NA,NA,NA,NA,NA,NA,NA,NA,NA,NA,NA,NA,NA,NA
191,HBB:c.270_271del,NA,1,NA,NA,NA,NA,NA,NA,NA,NA,NA,NA,NA,NA,NA,NA,NA,NA,NA,NA,NA,NA,NA,NA,NA,NA,NA,NA
192,HBB:c.271G>T,1,1,NA,NA,1,1,1,NA,1,1,1,NA,NA,NA,NA,NA,1,NA,1,1,1,1,NA,NA,NA,NA,1,1
193,HBB:c.275del,NA,1,NA,NA,NA,NA,NA,NA,NA,NA,NA,NA,NA,NA,NA,NA,NA,NA,NA,NA,NA,NA,NA,NA,NA,NA,NA,NA
194,HBB:c.275dupT,NA,NA,NA,NA,NA,NA,NA,NA,NA,NA,NA,NA,NA,NA,NA,NA,NA,NA,NA,NA,NA,NA,NA,NA,NA,NA,NA,NA
195,HBB:c.282_283dupTG,NA,NA,NA,NA,NA,NA,NA,NA,NA,NA,NA,NA,NA,NA,NA,NA,NA,NA,NA,NA,NA,NA,NA,NA,NA,NA,NA,NA
196,HBB:c.287dupA,NA,1,NA,NA,NA,NA,NA,NA,NA,NA,NA,NA,NA,NA,NA,NA,NA,NA,NA,NA,NA,NA,NA,NA,NA,NA,NA,NA
198,HBB:c.301_302delCCinsTCTGAGAACTT,NA,NA,NA,NA,NA,NA,NA,NA,NA,NA,NA,NA,NA,NA,NA,NA,NA,NA,NA,NA,NA,NA,NA,NA,NA,NA,NA,NA
199,HBB:c.315delG,NA,NA,NA,NA,NA,NA,NA,NA,NA,NA,NA,NA,NA,NA,NA,NA,NA,NA,NA,NA,NA,NA,NA,NA,NA,NA,NA,NA
200,HBB:c.315+1G>A,NA,1,NA,NA,NA,NA,NA,NA,NA,NA,NA,NA,NA,NA,NA,NA,NA,NA,NA,NA,NA,NA,NA,NA,NA,NA,NA,NA
201,HBB:c.315+1G>C,NA,1,NA,NA,NA,NA,NA,NA,NA,NA,NA,NA,NA,NA,NA,NA,NA,NA,NA,NA,NA,NA,NA,NA,NA,NA,NA,NA
202,HBB:c.315+1G>T,NA,1,NA,NA,NA,NA,NA,NA,NA,NA,NA,NA,NA,NA,NA,NA,NA,NA,NA,NA,NA,NA,NA,NA,NA,NA,NA,NA
203,HBB:c.315+2T>C,NA,1,NA,NA,NA,NA,NA,NA,NA,NA,NA,NA,NA,NA,NA,NA,NA,NA,NA,NA,NA,NA,NA,NA,NA,NA,NA,NA
205,HBB:c.315+2del,NA,1,NA,NA,NA,NA,NA,NA,NA,NA,NA,NA,NA,NA,NA,NA,NA,NA,NA,NA,NA,NA,NA,NA,NA,NA,NA,NA
206,HBB:c.315+2_315+3delinsACGTTCTCTGA,NA,1,NA,NA,NA,NA,NA,NA,NA,NA,NA,NA,NA,NA,NA,NA,NA,NA,NA,NA,NA,NA,NA,NA,NA,NA,NA,NA
207,NG_000007.3:g.71043_71044delAG,NA,1,NA,NA,NA,NA,NA,NA,NA,NA,NA,NA,NA,NA,NA,NA,NA,NA,NA,NA,NA,NA,NA,NA,NA,NA,NA,NA
208,HBB:c.315+5G>C,NA,1,NA,NA,NA,NA,NA,NA,NA,NA,NA,NA,NA,NA,NA,NA,NA,NA,NA,NA,NA,NA,NA,NA,NA,NA,NA,NA
211,HBB:c.316-197C>T,NA,0,NA,NA,NA,NA,NA,NA,NA,NA,NA,NA,NA,NA,NA,NA,NA,NA,NA,NA,NA,NA,NA,NA,NA,NA,NA,NA
212,HBB:c.316-146T>G,NA,0,NA,NA,NA,NA,NA,NA,NA,NA,NA,NA,NA,NA,NA,NA,NA,NA,NA,NA,NA,NA,NA,NA,NA,NA,NA,NA
213,HBB:c.316-125A>G,NA,0,NA,NA,NA,NA,NA,NA,NA,NA,NA,NA,NA,NA,NA,NA,NA,NA,NA,NA,NA,NA,NA,NA,NA,NA,NA,NA
214,HBB:c.316-106C>G,NA,0,NA,NA,NA,NA,NA,NA,NA,NA,NA,NA,NA,NA,NA,NA,NA,NA,NA,NA,NA,NA,NA,NA,NA,NA,NA,NA
215,HBB:c.316-90A>G,NA,0,NA,NA,NA,NA,NA,NA,NA,NA,NA,NA,NA,NA,NA,NA,NA,NA,NA,NA,NA,NA,NA,NA,NA,NA,NA,NA
217,HBB:c.316-14T>G,NA,0,NA,NA,NA,NA,NA,NA,NA,NA,NA,NA,NA,NA,NA,NA,NA,NA,NA,NA,NA,NA,NA,NA,NA,NA,NA,NA
218,HBB:c.316-8T>G,NA,0,NA,NA,NA,NA,NA,NA,NA,NA,NA,NA,NA,NA,NA,NA,NA,NA,NA,NA,NA,NA,NA,NA,NA,NA,NA,NA
219,HBB:c.316-7C>A,NA,1,NA,NA,NA,NA,NA,NA,NA,NA,NA,NA,NA,NA,NA,NA,NA,NA,NA,NA,NA,NA,NA,NA,NA,NA,NA,NA
220,HBB:c.316-7C>G,NA,1,NA,NA,NA,NA,NA,NA,NA,NA,NA,NA,NA,NA,NA,NA,NA,NA,NA,NA,NA,NA,NA,NA,NA,NA,NA,NA
221,HBB:c.316-3C>A,NA,1,NA,NA,NA,NA,NA,NA,NA,NA,NA,NA,NA,NA,NA,NA,NA,NA,NA,NA,NA,NA,NA,NA,NA,NA,NA,NA
222,HBB:c.316-3C>G,NA,1,NA,NA,NA,NA,NA,NA,NA,NA,NA,NA,NA,NA,NA,NA,NA,NA,NA,NA,NA,NA,NA,NA,NA,NA,NA,NA
223,HBB:c.316-2A>G,NA,1,NA,NA,NA,NA,NA,NA,NA,NA,NA,NA,NA,NA,NA,NA,NA,NA,NA,NA,NA,NA,NA,NA,NA,NA,NA,NA
224,HBB:c.316-2A>C,NA,1,NA,NA,NA,NA,NA,NA,NA,NA,NA,NA,NA,NA,NA,NA,NA,NA,NA,NA,NA,NA,NA,NA,NA,NA,NA,NA
225,HBB:c.316-1G>C,NA,1,NA,NA,NA,NA,NA,NA,NA,NA,NA,NA,NA,NA,NA,NA,NA,NA,NA,NA,NA,NA,NA,NA,NA,NA,NA,NA
226,HBB:c.316-1G>A,NA,1,NA,NA,NA,NA,NA,NA,NA,NA,NA,NA,NA,NA,NA,NA,NA,NA,NA,NA,NA,NA,NA,NA,NA,NA,NA,NA
227,HBB:c.316-1G>T,NA,1,NA,NA,NA,NA,NA,NA,NA,NA,NA,NA,NA,NA,NA,NA,NA,NA,NA,NA,NA,NA,NA,NA,NA,NA,NA,NA
228,HBB:c.316-1delG,NA,1,NA,NA,NA,NA,NA,NA,NA,NA,NA,NA,NA,NA,NA,NA,NA,NA,NA,NA,NA,NA,NA,NA,NA,NA,NA,NA
229,HBB:c.319C>G,1,1,1,1,1,1,1,1,1,1,1,1,NA,1,1,1,1,1,1,1,1,1,1,1,1,1,1,1
230,HBB:c.320T>G,1,1,1,1,1,1,1,1,1,1,1,1,NA,1,1,1,1,1,1,1,1,1,1,1,1,1,1,1
231,HBB:c.323dupG,NA,1,NA,NA,NA,NA,NA,NA,NA,NA,NA,NA,NA,NA,NA,NA,NA,NA,NA,NA,NA,NA,NA,NA,NA,NA,NA,NA
232,HBB:c.326_337delACGTGCTGGTCT,NA,1,NA,NA,NA,NA,NA,NA,NA,NA,NA,NA,NA,NA,NA,NA,NA,NA,NA,NA,NA,NA,NA,NA,NA,NA,NA,NA
233,HBB:c.328delG,NA,1,NA,NA,NA,NA,NA,NA,NA,NA,NA,NA,NA,NA,NA,NA,NA,NA,NA,NA,NA,NA,NA,NA,NA,NA,NA,NA
234,HBB:c.332T>C,1,1,1,1,1,1,1,1,1,1,1,0,NA,1,1,1,1,1,1,1,1,1,1,1,1,1,1,1
235,HBB:c.339T>A,1,1,NA,NA,1,1,1,NA,0,1,1,NA,NA,NA,NA,NA,1,NA,1,1,0,0,NA,NA,NA,NA,1,0
236,HBB:c.340delG,NA,1,NA,NA,NA,NA,NA,NA,NA,NA,NA,NA,NA,NA,NA,NA,NA,NA,NA,NA,NA,NA,NA,NA,NA,NA,NA,NA
237,HBB:c.344T>C,1,1,1,1,1,1,1,1,1,1,1,1,NA,1,1,1,1,1,1,1,1,1,1,1,1,1,1,1
238,HBB:c.343_344delinsG,NA,1,NA,NA,NA,NA,NA,NA,NA,NA,NA,NA,NA,NA,NA,NA,NA,NA,NA,NA,NA,NA,NA,NA,NA,NA,NA,NA
239,HBB:c.347C>A,1,1,1,1,1,1,1,1,1,1,1,0,NA,1,1,1,1,1,1,1,1,0,1,1,1,1,1,1
240,HBB:c.349_350insTGAT,NA,1,NA,NA,NA,NA,NA,NA,NA,NA,NA,NA,NA,NA,NA,NA,NA,NA,NA,NA,NA,NA,NA,NA,NA,NA,NA,NA
241,HBB:c.357delT,NA,1,NA,NA,NA,NA,NA,NA,NA,NA,NA,NA,NA,NA,NA,NA,NA,NA,NA,NA,NA,NA,NA,NA,NA,NA,NA,NA
242,HBB:c.363delA,NA,1,NA,NA,NA,NA,NA,NA,NA,NA,NA,NA,NA,NA,NA,NA,NA,NA,NA,NA,NA,NA,NA,NA,NA,NA,NA,NA
243,HBB:c.363dupA,NA,1,NA,NA,NA,NA,NA,NA,NA,NA,NA,NA,NA,NA,NA,NA,NA,NA,NA,NA,NA,NA,NA,NA,NA,NA,NA,NA
244,HBB:c.364G>T,1,1,NA,NA,1,1,1,NA,1,1,1,NA,NA,NA,NA,NA,1,NA,0,0,1,1,NA,NA,NA,NA,1,0
245,HBB:c.370delA,NA,1,NA,NA,NA,NA,NA,NA,NA,NA,NA,NA,NA,NA,NA,NA,NA,NA,NA,NA,NA,NA,NA,NA,NA,NA,NA,NA
246,HBB:c.371_378del,NA,1,NA,NA,NA,NA,NA,NA,NA,NA,NA,NA,NA,NA,NA,NA,NA,NA,NA,NA,NA,NA,NA,NA,NA,NA,NA,NA
247,HBB:c.375delA,NA,0,NA,NA,NA,NA,NA,NA,NA,NA,NA,NA,NA,NA,NA,NA,NA,NA,NA,NA,NA,NA,NA,NA,NA,NA,NA,NA
248,HBB:c.376_378dupCCA,NA,NA,NA,NA,NA,NA,NA,NA,NA,NA,NA,NA,NA,NA,NA,NA,NA,NA,NA,NA,NA,NA,NA,NA,NA,NA,NA,NA
249,HBB:c.378delA,NA,1,NA,NA,NA,NA,NA,NA,NA,NA,NA,NA,NA,NA,NA,NA,NA,NA,NA,NA,NA,NA,NA,NA,NA,NA,NA,NA
250,HBB:c.380delT,NA,1,NA,NA,NA,NA,NA,NA,NA,NA,NA,NA,NA,NA,NA,NA,NA,NA,NA,NA,NA,NA,NA,NA,NA,NA,NA,NA
252,HBB:c.396delTGCAGGCTGCTATCAG,NA,NA,NA,NA,NA,NA,NA,NA,NA,NA,NA,NA,NA,NA,NA,NA,NA,NA,NA,NA,NA,NA,NA,NA,NA,NA,NA,NA
253,HBB:c.383A>C,1,1,1,1,1,1,1,0,1,1,1,1,NA,1,1,1,1,1,1,1,1,1,1,1,1,1,1,1
254,HBB:c.383A>G,1,1,1,1,1,1,1,0,1,1,1,1,NA,1,1,1,1,1,1,1,1,1,0,1,1,1,1,1
255,HBB:c.382C>T,1,1,NA,NA,1,1,1,NA,1,1,1,NA,NA,NA,NA,NA,1,NA,1,1,1,1,NA,NA,NA,NA,1,1
256,HBB:c.383_385delAGG,NA,1,NA,NA,NA,NA,NA,NA,NA,NA,NA,NA,NA,NA,NA,NA,NA,NA,NA,NA,NA,NA,NA,NA,NA,NA,NA,NA
258,HBB:c.394C>T,1,1,NA,NA,1,1,1,NA,1,1,1,NA,NA,NA,NA,NA,1,NA,1,1,1,1,NA,NA,NA,NA,1,1
259,HBB:c.396_397insGCCT,NA,NA,NA,NA,NA,NA,NA,NA,NA,NA,NA,NA,NA,NA,NA,NA,NA,NA,NA,NA,NA,NA,NA,NA,NA,NA,NA,NA
260,HBB:c.396_397delGA,NA,NA,NA,NA,NA,NA,NA,NA,NA,NA,NA,NA,NA,NA,NA,NA,NA,NA,NA,NA,NA,NA,NA,NA,NA,NA,NA,NA
261,HBB:c.396_397del,NA,NA,NA,NA,NA,NA,NA,NA,NA,NA,NA,NA,NA,NA,NA,NA,NA,NA,NA,NA,NA,NA,NA,NA,NA,NA,NA,NA
262,HBB:c.397A>T,1,1,NA,NA,1,1,1,NA,1,1,1,NA,NA,NA,NA,NA,1,NA,1,1,1,1,NA,NA,NA,NA,1,1
263,HBB:c.404_413delinsGCAG,NA,1,NA,NA,NA,NA,NA,NA,NA,NA,NA,NA,NA,NA,NA,NA,NA,NA,NA,NA,NA,NA,NA,NA,NA,NA,NA,NA
264,HBB:c.413_418delTGGCTA,NA,1,NA,NA,NA,NA,NA,NA,NA,NA,NA,NA,NA,NA,NA,NA,NA,NA,NA,NA,NA,NA,NA,NA,NA,NA,NA,NA
265,HBB:c.424delC,NA,1,NA,NA,NA,NA,NA,NA,NA,NA,NA,NA,NA,NA,NA,NA,NA,NA,NA,NA,NA,NA,NA,NA,NA,NA,NA,NA
267,HBB:c.*6C>G,NA,0,NA,NA,NA,NA,NA,NA,NA,NA,NA,NA,NA,NA,NA,NA,NA,NA,NA,NA,NA,NA,NA,NA,NA,NA,NA,NA
269,HBB:c.*93_*105delATCTGGATTCTGC,NA,NA,NA,NA,NA,NA,NA,NA,NA,NA,NA,NA,NA,NA,NA,NA,NA,NA,NA,NA,NA,NA,NA,NA,NA,NA,NA,NA
271,HBB:c.*108A>G,NA,1,NA,NA,NA,NA,NA,NA,NA,NA,NA,NA,NA,NA,NA,NA,NA,NA,NA,NA,NA,NA,NA,NA,NA,NA,NA,NA
274,HBB:c.*111A>G,NA,1,NA,NA,NA,NA,NA,NA,NA,NA,NA,NA,NA,NA,NA,NA,NA,NA,NA,NA,NA,NA,NA,NA,NA,NA,NA,NA
275,HBB:c.*112A>G,NA,1,NA,NA,NA,NA,NA,NA,NA,NA,NA,NA,NA,NA,NA,NA,NA,NA,NA,NA,NA,NA,NA,NA,NA,NA,NA,NA
276,HBB:c.*113A>G,NA,1,NA,NA,NA,NA,NA,NA,NA,NA,NA,NA,NA,NA,NA,NA,NA,NA,NA,NA,NA,NA,NA,NA,NA,NA,NA,NA
277,HBB:c.*110_*111delTA,NA,NA,NA,NA,NA,NA,NA,NA,NA,NA,NA,NA,NA,NA,NA,NA,NA,NA,NA,NA,NA,NA,NA,NA,NA,NA,NA,NA
278,HBB:c.*110_*114del,NA,1,NA,NA,NA,NA,NA,NA,NA,NA,NA,NA,NA,NA,NA,NA,NA,NA,NA,NA,NA,NA,NA,NA,NA,NA,NA,NA
280,HBB:c.93-22_95del,NA,1,NA,NA,NA,NA,NA,NA,NA,NA,NA,NA,NA,NA,NA,NA,NA,NA,NA,NA,NA,NA,NA,NA,NA,NA,NA,NA
341,HBA1:c.1A>G,0,1,0,1,1,1,1,0,1,1,1,1,1,1,1,NA,1,1,0,1,1,1,1,1,1,1,1,1
342,HBA2:c.2T>C,1,1,1,1,1,1,1,0,1,0,1,NA,1,1,1,NA,1,1,1,1,1,1,1,1,1,1,0,1
343,HBA2:c.2delT,NA,1,NA,NA,NA,NA,NA,NA,NA,NA,NA,NA,NA,NA,NA,NA,NA,NA,NA,NA,NA,NA,NA,NA,NA,NA,NA,NA
344,HBA2:c.1delA,NA,1,NA,NA,NA,NA,NA,NA,NA,NA,NA,NA,NA,NA,NA,NA,NA,NA,NA,NA,NA,NA,NA,NA,NA,NA,NA,NA
347,HBA1:c.43T>C,0,1,1,1,1,1,1,1,1,1,1,0,1,1,1,NA,1,0,0,0,1,1,1,1,1,1,1,1
349,HBA1:c.44A>G,1,1,NA,NA,1,1,1,NA,1,1,1,NA,1,NA,NA,NA,1,NA,0,0,1,1,NA,NA,NA,NA,1,0
350,HBA2:c.56delG,NA,NA,NA,NA,NA,NA,NA,NA,NA,NA,NA,NA,NA,NA,NA,NA,NA,NA,NA,NA,NA,NA,NA,NA,NA,NA,NA,NA
351,HBA2:c.64G>T,0,1,0,0,1,0,0,0,0,0,1,NA,1,0,0,0,1,1,0,0,1,1,0,1,0,0,0,0
352,HBA2:c.69C>T,NA,1,NA,NA,NA,NA,NA,NA,NA,NA,NA,NA,NA,NA,NA,NA,NA,NA,NA,NA,NA,NA,NA,NA,NA,NA,NA,NA
353,HBA2:c.69delC,NA,1,NA,NA,NA,NA,NA,NA,NA,NA,NA,NA,NA,NA,NA,NA,NA,NA,NA,NA,NA,NA,NA,NA,NA,NA,NA,NA
354,HBA2:c.70G>T,1,1,NA,NA,1,0,1,NA,0,0,1,NA,1,NA,NA,NA,1,NA,0,0,1,0,NA,NA,NA,NA,0,0
355,HBA2:c.79G>A,0,1,0,0,1,0,0,0,0,0,1,NA,1,0,0,0,1,1,1,0,1,0,0,0,0,0,0,1
356,HBA2:c.89T>C,1,1,1,1,1,1,1,1,1,1,1,NA,1,1,1,1,1,1,1,1,1,1,1,1,1,1,0,1
357,HBA2:c.91_93delGAG,NA,1,NA,NA,NA,NA,NA,NA,NA,NA,NA,NA,NA,NA,NA,NA,NA,NA,NA,NA,NA,NA,NA,NA,NA,NA,NA,NA
358,HBA1:c.95+1G>A,NA,1,NA,NA,NA,NA,NA,NA,NA,NA,NA,NA,NA,NA,NA,NA,NA,NA,NA,NA,NA,NA,NA,NA,NA,NA,NA,NA
359,HBA2:c.95+2_95+6delTGAGG,NA,1,NA,NA,NA,NA,NA,NA,NA,NA,NA,NA,NA,NA,NA,NA,NA,NA,NA,NA,NA,NA,NA,NA,NA,NA,NA,NA
360,HBA2:c.95+5 G>A,NA,1,NA,NA,NA,NA,NA,NA,NA,NA,NA,NA,NA,NA,NA,NA,NA,NA,NA,NA,NA,NA,NA,NA,NA,NA,NA,NA
361,HBA1:c.95+5 G>A,NA,1,NA,NA,NA,NA,NA,NA,NA,NA,NA,NA,NA,NA,NA,NA,NA,NA,NA,NA,NA,NA,NA,NA,NA,NA,NA,NA
362,HBA2:c.95+55 G>A,NA,0,NA,NA,NA,NA,NA,NA,NA,NA,NA,NA,NA,NA,NA,NA,NA,NA,NA,NA,NA,NA,NA,NA,NA,NA,NA,NA
363,HBA2:c.96-2A>G,NA,1,NA,NA,NA,NA,NA,NA,NA,NA,NA,NA,NA,NA,NA,NA,NA,NA,NA,NA,NA,NA,NA,NA,NA,NA,NA,NA
364,HBA1:c.96-1G>A,NA,1,NA,NA,NA,NA,NA,NA,NA,NA,NA,NA,NA,NA,NA,NA,NA,NA,NA,NA,NA,NA,NA,NA,NA,NA,NA,NA
366,HBA2:c.95G>A,1,1,1,1,1,1,1,0,1,1,1,NA,1,1,1,1,1,1,1,1,1,1,1,1,1,1,0,0
367,HBA2:c.99G>A,0,1,1,1,1,1,1,0,1,0,1,NA,1,1,1,1,1,1,1,1,1,0,1,1,1,1,0,0
368,HBA2:c.101T>C,1,1,1,1,1,1,1,1,1,1,1,NA,1,1,1,1,1,1,1,1,1,1,1,1,1,1,1,1
369,HBA2:c.106T>C,0,1,0,1,1,0,0,0,0,0,1,NA,1,1,0,1,1,1,1,0,0,0,1,1,0,1,0,0
370,HBA1:c.112_114delCCC,NA,NA,NA,NA,NA,NA,NA,NA,NA,NA,NA,NA,NA,NA,NA,NA,NA,NA,NA,NA,NA,NA,NA,NA,NA,NA,NA,NA
371,HBA1:c.118_120delACC,NA,1,NA,NA,NA,NA,NA,NA,NA,NA,NA,NA,NA,NA,NA,NA,NA,NA,NA,NA,NA,NA,NA,NA,NA,NA,NA,NA
372,HBA1:c.108_146del9ins8,NA,1,NA,NA,NA,NA,NA,NA,NA,NA,NA,NA,NA,NA,NA,NA,NA,NA,NA,NA,NA,NA,NA,NA,NA,NA,NA,NA
373,HBA2:c.127T>C,0,1,1,1,1,1,1,0,1,0,1,NA,1,1,1,1,1,1,1,1,1,1,1,1,1,1,0,0
374,HBA2:c.149_150delGC,NA,1,NA,NA,NA,NA,NA,NA,NA,NA,NA,NA,NA,NA,NA,NA,NA,NA,NA,NA,NA,NA,NA,NA,NA,NA,NA,NA
375,HBA1:c.155_167delGCTCTGCCCAGGT,NA,1,NA,NA,NA,NA,NA,NA,NA,NA,NA,NA,NA,NA,NA,NA,NA,NA,NA,NA,NA,NA,NA,NA,NA,NA,NA,NA
376,HBA2:c.163C>T,1,1,NA,NA,1,1,1,NA,0,0,1,NA,1,NA,NA,NA,1,NA,1,0,0,1,NA,NA,NA,NA,1,1
377,HBA2:c.179G>A,1,1,1,1,1,1,1,1,1,0,1,NA,1,1,1,1,1,1,1,1,1,0,1,1,1,1,1,0
378,HBA1:c.179G>A,1,1,1,1,1,1,1,1,1,1,1,1,1,1,1,NA,1,1,1,1,1,1,1,1,1,1,1,1
379,HBA2:c.178G>C,1,1,1,1,1,1,1,1,1,1,1,NA,1,1,1,1,1,1,1,1,1,1,1,1,1,1,1,1
380,HBA1:c.184_186delAAG,NA,NA,NA,NA,NA,NA,NA,NA,NA,NA,NA,NA,NA,NA,NA,NA,NA,NA,NA,NA,NA,NA,NA,NA,NA,NA,NA,NA
381,HBA1:c.187_189delGTG,NA,1,NA,NA,NA,NA,NA,NA,NA,NA,NA,NA,NA,NA,NA,NA,NA,NA,NA,NA,NA,NA,NA,NA,NA,NA,NA,NA
382,HBA1:c.187delG,NA,NA,NA,NA,NA,NA,NA,NA,NA,NA,NA,NA,NA,NA,NA,NA,NA,NA,NA,NA,NA,NA,NA,NA,NA,NA,NA,NA
383,HBA1:c.193_225del33,NA,NA,NA,NA,NA,NA,NA,NA,NA,NA,NA,NA,NA,NA,NA,NA,NA,NA,NA,NA,NA,NA,NA,NA,NA,NA,NA,NA
384,HBA2:c.190T>C,1,1,1,1,1,1,1,1,1,1,1,NA,1,1,1,1,1,1,1,0,1,1,1,1,1,1,1,1
385,HBA1:c.212_214delGAC,NA,NA,NA,NA,NA,NA,NA,NA,NA,NA,NA,NA,NA,NA,NA,NA,NA,NA,NA,NA,NA,NA,NA,NA,NA,NA,NA,NA
386,HBA1:c.237delC,NA,1,NA,NA,NA,NA,NA,NA,NA,NA,NA,NA,NA,NA,NA,NA,NA,NA,NA,NA,NA,NA,NA,NA,NA,NA,NA,NA
387,HBA1:c.247_255del,NA,NA,NA,NA,NA,NA,NA,NA,NA,NA,NA,NA,NA,NA,NA,NA,NA,NA,NA,NA,NA,NA,NA,NA,NA,NA,NA,NA
388,HBA2:c.271A>T,1,1,NA,NA,1,1,1,NA,1,1,1,NA,1,NA,NA,NA,1,NA,1,1,1,1,NA,NA,NA,NA,1,1
389,HBA2:c.281T>G,1,1,1,1,1,1,1,1,1,1,1,NA,1,1,1,1,1,1,1,1,1,1,1,1,1,1,0,0
390,HBA1:c.280_300ins21,NA,NA,NA,NA,NA,NA,NA,NA,NA,NA,NA,NA,NA,NA,NA,NA,NA,NA,NA,NA,NA,NA,NA,NA,NA,NA,NA,NA
391,HBA2:c.300+2T>A,NA,1,NA,NA,NA,NA,NA,NA,NA,NA,NA,NA,NA,NA,NA,NA,NA,NA,NA,NA,NA,NA,NA,NA,NA,NA,NA,NA
392,HBA2:c.301-1G>A,NA,1,NA,NA,NA,NA,NA,NA,NA,NA,NA,NA,NA,NA,NA,NA,NA,NA,NA,NA,NA,NA,NA,NA,NA,NA,NA,NA
393,HBA1:c.301-2A>G,NA,1,NA,NA,NA,NA,NA,NA,NA,NA,NA,NA,NA,NA,NA,NA,NA,NA,NA,NA,NA,NA,NA,NA,NA,NA,NA,NA
394,HBA2:c.311A>T,1,1,1,1,1,1,1,0,1,1,1,NA,1,0,1,1,1,1,1,1,1,1,0,1,1,1,0,0
395,HBA1:c.313T>A,0,1,0,1,0,1,1,0,0,0,1,1,1,0,0,NA,0,1,1,1,1,1,0,1,1,1,0,0
396,HBA2:c.314G>A,0,1,1,1,1,1,1,0,0,0,1,NA,1,1,1,1,1,1,1,1,0,1,1,1,1,1,0,1
397,HBA2:c.326C>A,NA,0,NA,NA,NA,NA,NA,NA,NA,NA,NA,NA,NA,NA,NA,1,NA,NA,NA,NA,NA,NA,NA,NA,NA,NA,NA,NA
398,HBA1:c.327delC,NA,NA,NA,NA,NA,NA,NA,NA,NA,NA,NA,NA,NA,NA,NA,NA,NA,NA,NA,NA,NA,NA,NA,NA,NA,NA,NA,NA
399,HBA2:c.329T>G,1,1,1,1,1,1,1,1,1,1,1,NA,1,1,1,1,1,1,1,1,1,1,1,1,1,1,0,1
402,HBA2:c.339delC,NA,1,NA,NA,NA,NA,NA,NA,NA,NA,NA,NA,NA,NA,NA,NA,NA,NA,NA,NA,NA,NA,NA,NA,NA,NA,NA,NA
405,HBA2:c.349G>T,1,1,NA,NA,1,1,1,NA,1,1,1,NA,1,NA,NA,NA,1,NA,0,0,1,1,NA,NA,NA,NA,1,0
406,HBA1:c.358C>T,0,1,0,1,1,0,0,0,1,0,1,1,1,0,0,NA,1,1,1,1,1,1,0,1,1,1,0,0
407,HBA1:c.370G>C,1,1,1,1,1,1,1,0,1,0,1,1,1,1,1,NA,1,1,1,1,1,1,1,1,1,1,0,1
408,HBA2:c.377T>C,0,1,0,1,1,1,1,0,0,0,1,NA,1,1,1,1,1,1,1,1,1,1,1,1,1,1,0,1
409,HBA2:c.377T>G,0,1,1,1,1,1,1,0,1,0,1,NA,1,1,1,1,1,1,1,1,1,1,1,1,1,1,0,1
411,HBA1:c.391T>C,1,1,1,1,1,1,1,1,1,1,1,1,1,1,1,NA,1,NA,1,0,1,1,1,1,1,1,1,1
412,HBA2:c.389T>C,1,1,1,1,1,1,1,1,1,1,1,NA,1,1,1,1,1,1,0,0,1,1,1,1,1,1,1,1
413,HBA2:c.391G>C,0,1,0,1,1,0,0,0,0,0,1,NA,0,0,0,1,1,1,0,0,0,1,0,1,0,1,0,1
414,HBA2:c.394T>C,0,0,0,0,0,0,0,0,0,0,1,NA,1,0,0,1,1,1,0,0,0,0,0,1,0,0,0,0
416,HBA1:c.396_397insT,NA,NA,NA,NA,NA,NA,NA,NA,NA,NA,NA,NA,NA,NA,NA,NA,NA,NA,NA,NA,NA,NA,NA,NA,NA,NA,NA,NA
417,HBA2:c.410T>C,1,1,1,1,1,1,1,1,1,0,1,NA,1,1,1,1,1,1,1,1,1,1,1,1,1,1,0,1
418,HBA2:c.427T>C,0,1,NA,NA,0,1,1,NA,1,1,1,NA,NA,NA,NA,NA,1,NA,1,0,1,0,NA,NA,NA,NA,1,0
419,HBA2:c.427T>A,0,1,NA,NA,0,1,1,NA,1,1,1,NA,NA,NA,NA,NA,1,NA,1,0,1,0,NA,NA,NA,NA,1,0
420,HBA2:c.428A>C,0,0,NA,NA,0,1,1,NA,1,0,1,NA,NA,NA,NA,NA,1,NA,1,0,1,0,NA,NA,NA,NA,0,0
421,HBA2:c.427T>G,0,1,NA,NA,0,1,1,NA,1,1,1,NA,NA,NA,NA,NA,1,NA,1,0,1,0,NA,NA,NA,NA,1,0
422,HBA2:c.429A>T,0,1,NA,NA,0,1,1,NA,1,1,1,NA,NA,NA,NA,NA,1,NA,1,0,1,1,NA,NA,NA,NA,1,0
424,HBA2:c.*94A>G,NA,1,NA,NA,NA,NA,NA,NA,NA,NA,NA,NA,NA,NA,NA,NA,NA,NA,NA,NA,NA,NA,NA,NA,NA,NA,NA,NA
425,HBA2:c.*92A>G,NA,1,NA,NA,NA,NA,NA,NA,NA,NA,NA,NA,NA,NA,NA,NA,NA,NA,NA,NA,NA,NA,NA,NA,NA,NA,NA,NA
426,HBA2:c.*93_*94delAA,NA,1,NA,NA,NA,NA,NA,NA,NA,NA,NA,NA,NA,NA,NA,NA,NA,NA,NA,NA,NA,NA,NA,NA,NA,NA,NA,NA
427,HBA2:c.*94A>C,NA,1,NA,NA,NA,NA,NA,NA,NA,NA,NA,NA,NA,NA,NA,NA,NA,NA,NA,NA,NA,NA,NA,NA,NA,NA,NA,NA
428,HBA2:c.*74_*89delCCTTCCTGGTCTTTGA,NA,NA,NA,NA,NA,NA,NA,NA,NA,NA,NA,NA,NA,NA,NA,NA,NA,NA,NA,NA,NA,NA,NA,NA,NA,NA,NA,NA
434,HBA2:c.5T>C,0,1,0,0,0,0,0,0,1,1,1,NA,1,0,0,0,0,1,1,1,1,1,0,1,0,0,0,0
442,HBA1:c.19G>T,1,1,1,1,1,1,1,1,1,1,1,1,1,1,1,NA,1,1,0,0,1,1,1,1,1,1,1,1
447,HBA1:c.20A>G,1,1,1,1,1,1,1,1,1,1,1,1,1,1,1,NA,1,1,0,0,1,1,1,1,1,1,0,0
453,HBA1:c.29A>G,0,0,0,0,0,0,0,0,0,0,1,1,1,0,0,NA,1,1,0,0,0,1,0,1,0,0,0,1
454,HBA2:c.29A>G,0,1,0,0,1,0,0,0,0,1,1,NA,1,0,1,1,0,1,0,0,1,1,0,1,0,0,1,1
466,HBA1:c.47G>A,0,0,0,0,0,0,0,0,0,0,1,0,0,0,0,NA,1,1,0,0,0,0,0,0,0,0,0,1
484,HBA2:c.70G>C,0,0,0,0,0,0,0,0,0,0,1,0,1,0,0,0,1,1,0,0,1,1,0,1,0,0,0,0
490,HBA2:c.73T>G,0,1,0,1,1,0,0,0,0,0,1,NA,1,1,0,1,1,1,0,0,1,0,1,1,0,1,0,0
495,HBA2:c.82G>A,0,1,1,1,1,1,1,0,1,1,1,NA,1,1,1,1,1,1,1,1,1,1,1,1,1,1,1,0
497,HBA2:c.83A>T,1,1,1,1,1,1,1,1,1,1,1,NA,1,1,1,NA,1,1,1,1,1,1,1,1,1,1,0,1
505,HBA1:c.92A>T,0,1,0,0,1,0,0,0,0,0,1,1,0,0,0,NA,0,1,1,1,0,0,0,1,1,0,0,0
506,HBA2:c.96G>C,1,1,1,1,1,1,1,0,1,0,1,NA,1,1,1,1,1,1,1,1,1,1,1,1,1,1,0,1
506,HBA2:c.96G>T,1,1,1,1,1,1,1,0,1,0,1,NA,1,1,1,1,1,1,1,1,1,1,1,1,1,1,0,1
509,HBA1:c.104T>G,0,0,0,1,0,0,0,0,0,0,1,1,1,0,0,NA,1,0,1,0,0,0,0,1,0,1,0,0
514,HBA2:c.113C>T,1,1,1,1,1,1,1,1,1,1,1,NA,1,1,1,1,1,1,1,1,1,1,1,1,1,1,1,1
521,HBA2:c.122A>T,0,1,1,1,1,1,1,1,1,0,1,NA,1,1,1,1,1,1,1,1,1,1,1,1,1,1,0,1
523,HBA1:c.123G>C,0,1,1,1,1,1,1,1,1,1,1,1,1,1,1,NA,1,1,1,1,1,1,1,1,1,1,1,1
529,HBA2:c.132C>G,1,1,1,1,1,1,1,1,1,0,1,NA,1,1,1,1,1,1,1,1,1,0,1,1,1,1,1,1
533,HBA2:c.134C>T,0,1,1,1,1,0,1,0,0,0,1,1,1,1,0,1,1,0,1,1,1,1,0,1,0,1,0,0
536,HBA1:c.137A>G,0,1,1,1,1,1,1,0,1,1,1,1,1,1,1,NA,1,1,1,1,1,1,0,1,1,1,1,0
537,HBA2:c.137A>C,0,1,1,1,0,1,1,0,1,1,1,NA,1,0,0,1,1,1,1,1,1,1,0,1,1,1,0,1
541,HBA2:c.142G>C,1,1,0,1,1,1,1,1,1,0,1,NA,1,1,0,1,1,1,1,1,1,0,0,1,1,1,0,0
556,HBA1:c.157_180del,NA,NA,NA,NA,NA,NA,NA,NA,NA,NA,NA,NA,NA,NA,NA,NA,NA,NA,NA,NA,NA,NA,NA,NA,NA,NA,NA,NA
563,HBA2:c.167T>C,1,1,0,1,0,0,0,0,0,0,1,NA,1,1,0,1,1,1,1,0,1,1,0,1,0,1,0,0
570,HBA2:c.175C>T,0,1,1,1,1,1,1,1,1,1,1,1,1,1,1,NA,1,1,1,1,1,1,1,1,1,1,1,1
571,HBA2:c.177C>A,0,1,1,1,0,0,0,1,0,0,1,NA,1,1,0,1,1,1,1,1,0,0,0,1,0,1,0,0
578,HBA1:c.183G>T,0,1,0,1,1,1,1,0,1,0,1,0,1,0,0,NA,1,0,1,1,1,1,0,1,0,1,0,0
581,HBA2:c.185A>C,0,1,1,1,1,1,1,0,1,1,1,NA,1,1,1,0,1,1,1,1,1,1,1,1,1,0,1,0
582,HBA1:c.186G>C,0,1,1,1,1,1,1,1,1,0,1,1,1,1,1,NA,1,1,1,1,0,1,1,1,1,1,0,0
582,HBA1:c.186G>T,0,1,1,1,1,1,1,1,1,0,1,1,1,1,1,NA,1,1,1,1,0,1,1,1,1,1,0,0
583,HBA2:c.187G>A,1,1,1,1,1,1,1,1,0,0,1,NA,1,1,1,1,1,1,1,1,1,0,1,1,1,1,0,1
597,HBA1:c.207_208insGCGCTGACCAAC,NA,1,NA,NA,NA,NA,NA,NA,NA,NA,NA,NA,NA,NA,NA,NA,NA,NA,NA,NA,NA,NA,NA,NA,NA,NA,NA,NA
599,HBA1:c.211G>A,0,1,0,1,1,0,0,1,0,1,1,1,0,1,0,NA,1,1,0,0,1,1,1,1,0,1,0,0
609,HBA1:c.224A>G,1,1,1,1,1,1,1,1,1,1,1,1,1,1,1,NA,1,1,0,0,1,1,1,1,1,1,0,1
611,HBA2:c.226_228delGAC,NA,1,NA,NA,NA,NA,NA,NA,NA,NA,NA,NA,NA,NA,NA,NA,NA,NA,NA,NA,NA,NA,NA,NA,NA,NA,NA,NA
615,HBA2:c.227A>T,1,1,1,1,0,1,1,1,1,1,1,NA,1,1,1,1,1,1,0,1,1,1,0,1,1,1,1,1
628,HBA2:c.239C>G,0,1,0,0,1,0,1,0,0,1,1,NA,1,0,1,0,0,1,0,0,1,1,1,1,0,0,1,0
629,HBA2:c.241C>G,1,1,1,1,1,0,1,0,1,0,1,NA,1,1,1,1,1,1,0,0,1,0,1,1,1,1,0,0
630,HBA2:c.242T>G,1,1,1,1,1,1,1,1,1,1,1,1,1,1,1,1,1,1,0,1,1,1,1,1,1,1,0,1
631,HBA2:c.244T>C,1,1,1,1,1,1,1,0,0,1,1,NA,1,1,1,1,1,1,0,0,0,1,1,1,1,1,1,0
635,HBA2:c.251T>C,1,1,1,1,1,1,1,1,1,1,1,NA,1,1,1,1,1,1,0,0,1,1,1,1,1,1,1,1
637,HBA1:c.253A>C,0,1,1,1,1,1,1,0,1,1,1,1,1,1,1,NA,1,1,1,1,1,1,1,1,1,1,0,0
637,HBA1:c.255C>A,0,1,1,1,1,0,0,0,1,0,1,1,1,0,0,NA,1,1,1,1,0,0,1,1,1,1,0,0
637,HBA1:c.255C>G,0,1,1,1,1,0,0,0,0,0,1,1,1,0,0,NA,1,1,1,1,0,0,1,1,1,1,0,0
639,HBA1:c.256G>A,0,1,1,1,1,1,1,0,1,0,1,1,1,1,1,NA,1,1,1,1,1,1,0,1,1,0,0,0
642,HBA2:c.257A>T,1,1,1,1,1,1,1,0,1,1,1,NA,1,1,1,0,1,1,1,1,1,1,1,1,1,1,1,1
645,HBA2:c.262C>T,1,1,1,1,1,1,1,1,1,1,1,NA,1,1,1,1,1,1,1,1,1,1,1,1,1,1,1,1
647,HBA1:c.262C>G,1,1,1,1,1,1,1,1,1,0,1,1,1,1,1,NA,1,1,1,1,1,1,1,1,1,1,1,1
657,HBA2:c.269A>T,0,1,1,1,0,0,0,0,1,1,1,NA,1,0,0,0,1,1,1,1,1,1,0,1,1,1,1,0
663,HBA1:c.272A>C,1,1,1,0,1,0,0,0,0,0,1,1,1,0,0,NA,1,1,1,1,1,1,0,1,1,0,0,0
665,HBA1:c.274C>T,1,1,1,1,1,1,1,0,1,0,1,1,1,1,1,NA,1,1,1,1,1,1,1,1,1,1,1,0
668,HBA1:c.278G>A,1,1,1,1,1,1,1,0,1,0,1,1,1,1,1,NA,1,1,1,1,1,1,1,1,1,1,1,0
669,HBA2:c.278G>T,1,1,1,1,1,0,0,0,1,0,1,NA,1,0,0,1,1,1,1,1,1,0,0,1,1,1,0,1
672,HBA1:c.281T>C,1,1,1,1,1,1,1,1,1,0,1,1,1,1,1,NA,1,1,1,1,1,1,1,1,1,1,0,1
674,HBA2:c.283G>A,0,1,1,1,1,1,1,0,1,1,1,NA,1,1,1,1,1,1,1,1,1,1,1,1,1,1,1,1
675,HBA2:c.283G>C,1,1,1,1,1,1,1,0,1,1,1,NA,1,1,1,1,1,1,1,1,1,1,1,1,1,1,1,1
677,HBA1:c.284A>C,1,1,1,1,1,1,1,0,1,1,1,1,1,1,1,NA,1,1,1,1,1,1,1,1,1,1,0,1
678,HBA1:c.284A>G,1,1,1,1,1,1,1,0,1,1,1,1,1,1,1,NA,1,1,1,1,1,1,1,1,1,1,0,1
681,HBA1:c.286C>A,1,1,1,1,1,1,1,1,1,1,1,1,1,1,1,NA,1,1,1,1,1,1,1,1,1,1,1,1
684,HBA1:c.287C>G,1,1,1,1,1,1,1,1,1,1,1,1,1,1,1,NA,1,1,1,1,1,1,1,1,1,1,0,1
685,HBA1:c.287C>A,1,1,1,1,1,1,1,1,1,1,1,1,1,1,1,NA,1,1,1,1,1,1,1,1,1,1,0,1
686,HBA2:c.290T>A,1,1,1,1,1,1,1,0,1,1,1,NA,1,0,0,0,1,1,1,1,1,0,0,1,1,1,0,1
687,HBA2:c.292A>C,0,1,1,1,1,1,1,0,1,1,1,NA,1,1,1,1,1,1,1,1,1,1,1,1,1,1,0,1
688,HBA2:c.294C>A,0,1,1,1,1,1,1,0,1,0,1,NA,1,1,1,1,1,1,1,1,1,0,1,1,1,1,1,0
691,HBA1:c.300G>T,0,1,1,1,1,1,1,0,1,0,1,1,1,0,0,NA,1,1,1,1,1,1,0,1,1,1,0,0
692,HBA2:c.307A>C,0,1,0,1,1,0,0,0,0,0,1,NA,1,0,0,1,1,1,1,1,0,1,0,1,0,1,0,1
693,HBA1:c.309C>A,1,1,0,1,1,0,1,0,0,0,1,0,1,0,0,NA,1,1,1,1,0,0,0,1,1,1,0,1
694,HBA2:c.309C>A,1,1,1,1,1,0,0,0,0,0,1,NA,1,0,0,1,0,1,1,1,0,0,0,1,0,1,0,1
696,HBA2:c.310C>T,1,1,1,1,1,1,1,0,1,1,1,NA,1,1,1,1,1,1,1,1,1,1,1,1,1,1,1,0
701,HBA1:c.320T>C,1,1,1,1,1,1,1,1,1,0,1,1,1,1,1,NA,1,1,1,1,1,1,1,1,1,1,0,1
707,HBA2:c.335C>T,0,0,0,0,0,0,0,0,0,0,1,NA,1,0,0,0,1,1,0,0,0,0,0,0,0,0,1,0
722,HBA2:c.352T>A,0,1,1,1,1,1,1,0,1,1,1,NA,1,1,1,1,1,1,1,0,1,0,0,1,1,1,0,0
723,HBA1:c.349_357dup,NA,NA,NA,NA,NA,NA,NA,NA,NA,NA,NA,NA,NA,NA,NA,NA,NA,NA,NA,NA,NA,NA,NA,NA,NA,NA,NA,NA
724,HBA1:c.354_355insATC,NA,NA,NA,NA,NA,NA,NA,NA,NA,NA,NA,NA,NA,NA,NA,NA,NA,NA,NA,NA,NA,NA,NA,NA,NA,NA,NA,NA
726,HBA1:c.359C>T,0,1,1,1,1,1,1,0,1,1,1,1,1,1,1,NA,1,1,1,1,1,1,1,1,1,1,1,1
738,HBA1:c.379G>C,1,1,1,1,1,1,1,0,1,0,1,1,1,1,1,NA,1,1,1,1,1,1,1,1,1,1,1,1
740,HBA1:c.379G>A,0,1,1,1,1,1,1,0,1,0,1,1,1,1,1,NA,1,1,1,1,1,1,1,1,1,1,1,1
741,HBA2:c.380A>G,1,1,1,1,1,1,1,0,1,1,1,NA,1,1,1,1,1,1,1,1,1,1,1,1,1,1,1,1
749,HBA1:c.392C>T,0,1,1,1,1,0,0,0,0,0,1,1,0,1,0,NA,1,1,1,0,0,1,0,1,0,1,1,0
750,HBA2:c.392C>A,0,1,0,1,0,0,0,0,0,0,1,NA,0,1,0,1,1,1,0,0,1,1,0,1,0,1,1,0
752,HBA1:c.395C>T,0,1,0,1,1,0,0,0,0,0,1,0,1,0,0,NA,1,1,1,0,0,0,0,1,0,1,0,0
771,HBA1:c.418A>G,0,1,1,1,1,0,1,0,1,0,1,1,1,0,0,NA,1,1,1,1,1,0,1,1,1,1,0,1
772,HBA2:c.418A>G,1,1,1,1,1,1,1,0,1,1,1,NA,1,1,1,1,1,1,1,1,1,1,1,1,1,1,1,1
777,HBA2:c.423C>A,1,1,NA,NA,1,1,1,NA,1,0,1,NA,1,NA,NA,NA,1,NA,1,1,1,1,NA,NA,NA,NA,0,1
780,HBA2:c.424C>T,1,1,1,1,1,1,1,1,1,0,1,NA,1,1,1,1,1,1,1,1,0,1,1,1,1,1,0,1
781,HBA2:c.425G>C,1,1,1,1,1,1,1,1,1,0,1,NA,1,1,1,1,1,1,1,0,1,0,1,1,1,1,0,1
790,HBB:c.4G>A,0,1,0,1,1,1,1,0,1,1,1,1,NA,0,0,0,1,1,1,1,1,0,1,1,1,1,1,1
796,HBB:c.8A>C,0,1,0,1,0,1,1,0,1,1,1,1,NA,0,1,1,1,1,0,0,1,0,1,1,0,1,1,0
799,HBB:c.8A>G,0,1,0,1,0,0,0,0,1,1,1,1,NA,0,0,1,0,1,0,0,1,0,0,1,0,1,1,1
824,HBB:c.20A>T,0,1,0,1,0,0,0,0,0,0,1,0,NA,0,0,1,1,NA,0,0,1,0,0,1,0,1,0,0
828,HBB:c.22_24delGAG,NA,1,NA,NA,NA,NA,NA,NA,NA,NA,NA,NA,NA,NA,NA,NA,NA,NA,NA,NA,NA,NA,NA,NA,NA,NA,NA,NA
847,HBB:c.35T>A,1,1,0,1,0,1,1,1,1,1,1,1,NA,1,1,1,1,1,0,0,1,1,1,1,1,1,1,1
852,HBB:c.46T>A,1,1,1,1,1,1,1,1,1,1,1,1,NA,1,1,1,1,1,1,1,1,1,1,1,1,1,1,0
852,HBB:c.46T>C,1,1,1,1,1,1,1,1,1,1,1,1,NA,1,1,1,1,1,1,1,1,1,1,1,1,1,1,0
855,HBB:c.54_59del,NA,1,NA,NA,NA,NA,NA,NA,NA,NA,NA,NA,NA,NA,NA,NA,NA,NA,NA,NA,NA,NA,NA,NA,NA,NA,NA,NA
864,HBB:c.61G>A,0,1,0,1,1,0,0,0,0,0,1,1,NA,0,0,1,1,1,0,0,0,1,0,1,0,1,0,0
865,HBB:c.62T>G,0,1,1,1,1,0,1,0,0,0,1,1,NA,0,0,1,1,1,0,0,1,0,1,1,0,1,0,1
866,HBB:c.62T>A,0,1,0,1,0,0,0,0,0,0,1,1,NA,0,0,0,1,1,0,0,1,0,0,1,0,1,0,0
872,HBB:c.69_80delAGTTGGTGGTGA,NA,1,NA,NA,NA,NA,NA,NA,NA,NA,NA,NA,NA,NA,NA,NA,NA,NA,NA,NA,NA,NA,NA,NA,NA,NA,NA,NA
873,HBB:c.67G>C,0,0,0,0,1,0,0,0,0,0,1,0,NA,0,0,0,1,1,0,0,1,0,0,1,0,0,0,0
878,HBB:c.71_73del,NA,1,NA,NA,NA,NA,NA,NA,NA,NA,NA,NA,NA,NA,NA,NA,NA,NA,NA,NA,NA,NA,NA,NA,NA,NA,NA,NA
880,HBB:c.70G>T,0,1,0,1,1,0,0,0,0,0,1,1,NA,0,0,0,1,1,1,1,0,0,0,1,0,1,0,1
881,HBB:c.71T>C,0,1,0,0,0,0,0,0,0,0,1,0,NA,0,0,0,1,1,1,1,1,0,0,1,0,0,0,0
882,HBB:c.71T>G,0,1,0,1,1,0,1,0,0,0,1,1,NA,0,0,1,0,1,1,1,1,0,1,1,0,1,0,1
883,HBB:c.71T>A,0,1,0,1,1,0,0,0,0,0,1,1,NA,0,0,0,0,1,1,1,1,0,1,1,0,0,0,1
885,HBB:c.73G>C,1,1,1,1,1,1,1,1,1,1,1,1,NA,1,1,1,1,1,1,1,1,1,1,1,1,1,1,1
894,HBB:c.80A>C,0,1,1,1,1,1,1,0,1,1,1,1,NA,1,1,NA,1,1,1,1,1,1,1,1,1,1,1,1
897,HBB:c.83C>T,0,1,0,1,1,1,1,0,1,1,1,1,NA,0,0,1,1,1,1,1,1,1,0,1,1,1,1,0
900,HBB:c.85C>A,1,1,1,1,1,1,1,1,1,0,1,1,NA,1,1,1,1,1,1,1,1,0,1,1,1,1,1,1
901,HBB:c.86T>C,1,1,1,1,1,1,1,1,1,1,1,1,NA,1,1,1,1,1,1,1,1,1,1,1,1,1,1,1
902,HBB:c.86T>A,1,1,1,1,1,1,1,1,1,1,1,1,NA,1,1,1,1,1,1,1,1,1,1,1,1,1,1,1
905,HBB:c.89G>A,1,1,1,1,1,1,1,0,1,1,1,1,NA,0,1,1,1,1,1,1,1,1,1,1,1,1,1,1
908,HBB:c.94C>G,0,1,0,1,1,0,1,0,1,0,1,1,NA,0,0,1,0,1,1,1,0,0,1,1,1,1,0,1
919,HBB:c.103G>C,1,1,1,1,1,1,1,0,1,1,1,1,NA,1,1,1,1,1,1,1,1,1,1,1,1,1,1,1
920,HBB:c.103G>T,1,1,1,1,1,1,1,0,1,1,1,1,NA,1,1,1,1,1,1,1,1,1,1,1,1,1,1,1
921,HBB:c.104T>A,1,1,1,1,1,1,1,0,1,1,1,1,NA,1,1,1,1,1,1,1,1,1,1,1,1,1,1,1
922,HBB:c.107A>T,0,1,1,1,1,1,1,0,1,1,1,1,NA,0,0,1,1,1,1,1,1,1,1,1,1,1,1,0
923,HBB:c.109C>A,1,1,1,1,1,1,1,1,1,1,1,1,NA,1,1,1,1,1,1,1,1,1,1,1,1,1,1,1
924,HBB:c.109C>G,1,1,1,1,1,1,1,1,1,1,1,1,NA,1,1,1,1,1,1,1,1,1,1,1,1,1,1,1
925,HBB:c.109C>T,1,1,1,1,1,1,1,1,1,1,1,1,NA,1,1,1,1,1,1,1,1,1,1,1,1,1,1,1
926,HBB:c.110C>G,1,1,1,1,1,1,1,1,1,1,1,1,NA,1,1,1,1,1,1,1,1,1,1,1,1,1,1,1
927,HBB:c.110C>A,1,1,1,1,1,1,1,1,1,1,1,1,NA,1,1,1,1,1,1,1,1,1,1,1,1,1,1,1
930,HBB:c.113G>C,1,1,1,1,1,1,1,0,1,1,1,1,NA,0,1,1,1,1,1,1,1,1,1,1,1,1,1,1
933,HBB:c.116C>A,0,1,1,1,1,1,1,0,1,1,1,1,NA,1,1,1,1,1,1,1,1,1,1,1,1,1,1,1
934,HBB:c.116C>T,1,1,1,1,1,1,1,0,1,1,1,1,NA,1,1,1,1,1,1,1,1,1,1,1,1,1,1,1
939,HBB:c.122G>A,1,1,0,1,1,1,1,0,1,1,1,1,NA,1,1,1,1,NA,1,1,1,1,1,1,1,1,1,1
941,HBB:c.123G>C,1,1,1,1,1,1,1,0,1,1,1,1,NA,1,1,1,1,1,1,1,1,1,1,1,1,1,1,1
941,HBB:c.123G>T,1,1,1,1,1,1,1,0,1,1,1,1,NA,1,1,1,1,1,1,1,1,1,1,1,1,1,1,1
945,HBB:c.124_126delTTC,NA,NA,NA,NA,NA,NA,NA,NA,NA,NA,NA,NA,NA,NA,NA,NA,NA,NA,NA,NA,NA,NA,NA,NA,NA,NA,NA,NA
945,HBB:c.127_129delTTT,NA,1,NA,NA,NA,NA,NA,NA,NA,NA,NA,NA,NA,NA,NA,NA,NA,NA,NA,NA,NA,NA,NA,NA,NA,NA,NA,NA
946,HBB:c.131_139del,NA,1,NA,NA,NA,NA,NA,NA,NA,NA,NA,NA,NA,NA,NA,NA,NA,NA,NA,NA,NA,NA,NA,NA,NA,NA,NA,NA
962,HBB:c.142G>T,1,1,1,1,1,1,1,1,1,1,1,1,NA,1,1,1,1,1,1,1,1,1,0,1,1,1,0,1
965,HBB:c.143A>T,1,1,1,1,1,1,1,1,1,1,1,1,NA,1,1,1,1,1,1,1,1,1,1,1,1,1,1,1
974,HBB:c.155C>G,0,1,0,1,1,1,1,0,0,1,1,1,NA,0,0,1,1,1,1,1,1,1,0,1,0,1,1,1
983,HBB:c.164T>A,1,1,1,1,1,1,1,0,1,1,1,1,NA,1,1,1,1,1,1,0,1,1,1,1,1,1,1,0
989,HBB:c.170_181del,NA,1,NA,NA,NA,NA,NA,NA,NA,NA,NA,NA,NA,NA,NA,NA,NA,NA,NA,NA,NA,NA,NA,NA,NA,NA,NA,NA
1006,HBB:c.187G>C,1,1,1,1,1,1,1,1,0,0,1,1,NA,1,1,1,1,1,1,1,0,1,0,1,1,1,0,1
1009,HBB:c.190C>T,1,1,1,1,1,1,1,1,1,1,1,1,NA,1,1,1,1,1,1,1,1,1,1,1,1,1,1,1
1011,HBB:c.191A>G,1,1,1,1,1,1,1,1,1,1,1,1,NA,1,1,1,1,1,1,1,1,1,1,1,1,1,1,1
1013,HBB:c.194G>A,1,1,1,1,1,1,1,1,1,1,1,1,NA,1,1,1,1,1,1,1,1,1,1,1,1,1,1,1
1018,HBB:c.199A>G,1,1,1,1,1,1,1,0,1,1,1,0,NA,1,1,1,1,1,1,1,1,1,1,1,1,1,1,1
1024,HBB:c.203T>A,1,1,1,1,1,1,1,1,1,1,1,1,NA,1,1,1,1,1,1,1,1,1,1,1,1,1,1,1
1026,HBB:c.205C>T,0,1,1,1,1,1,1,0,1,0,1,1,NA,1,1,1,1,1,1,1,0,0,1,1,1,1,0,1
1027,HBB:c.206T>A,1,1,1,1,1,1,1,1,1,1,1,1,NA,1,1,1,1,1,1,1,1,1,1,1,1,1,1,1
1029,HBB:c.204_209dupGCTCGG,NA,NA,NA,NA,NA,NA,NA,NA,NA,NA,NA,NA,NA,NA,NA,NA,NA,NA,NA,NA,NA,NA,NA,NA,NA,NA,NA,NA
1033,HBB:c.211G>C,1,1,0,1,1,0,0,1,0,0,1,1,NA,1,1,1,1,1,1,0,1,0,0,1,1,1,1,1
1038,HBB:c.219T>A,0,1,0,1,1,0,0,0,0,0,1,1,NA,0,0,0,1,0,1,1,0,0,0,1,0,1,0,1
1043,HBB:c.220_228delinsGCTCGGTGCCAG,NA,1,NA,NA,NA,NA,NA,NA,NA,NA,NA,NA,NA,NA,NA,NA,NA,NA,NA,NA,NA,NA,NA,NA,NA,NA,NA,NA
1044,HBB:c.224_229delGCCTGG,NA,1,NA,NA,NA,NA,NA,NA,NA,NA,NA,NA,NA,NA,NA,NA,NA,NA,NA,NA,NA,NA,NA,NA,NA,NA,NA,NA
1048,HBB:c.224G>A,1,1,1,1,1,1,1,0,1,1,1,1,NA,1,1,1,1,1,0,0,1,1,0,1,1,1,1,1
1049,HBB:c.226_228delCTG,NA,1,NA,NA,NA,NA,NA,NA,NA,NA,NA,NA,NA,NA,NA,NA,NA,NA,NA,NA,NA,NA,NA,NA,NA,NA,NA,NA
1051,HBB:c.227T>C,1,1,1,1,1,1,1,1,1,1,1,1,NA,1,1,1,1,1,0,0,1,1,1,1,1,1,1,0
1063,HBB:c.238G>C,1,1,1,1,1,1,1,1,1,1,1,1,NA,1,1,1,1,1,1,1,1,1,1,1,1,1,1,1
1069,HBB:c.245T>G,1,1,1,1,1,1,1,1,1,1,1,1,NA,1,1,1,1,1,1,1,1,1,1,1,1,1,0,1
1070,HBB:c.245T>A,1,1,1,1,1,1,1,1,1,1,1,1,NA,1,1,1,1,1,1,1,1,1,1,1,1,1,0,1
1071,HBB:c.247A>C,1,1,1,1,1,1,1,0,1,1,1,1,NA,1,1,1,1,1,1,1,1,1,1,1,1,1,1,1
1073,HBB:c.248A>C,1,1,1,1,1,1,1,0,1,1,1,1,NA,1,1,1,1,1,1,1,1,1,1,1,1,1,1,1
1074,HBB:c.248A>T,1,1,1,1,1,1,1,0,1,1,1,1,NA,1,1,1,1,1,1,1,1,1,1,1,1,1,1,1
1083,HBB:c.257T>C,1,1,1,1,1,1,1,0,1,0,1,0,NA,1,1,1,0,1,1,1,1,1,1,1,1,1,1,1
1084,HBB:c.259G>C,1,1,1,1,1,1,1,0,0,1,1,1,NA,1,1,1,1,1,1,1,0,1,1,1,1,1,1,0
1086,HBB:c.260C>A,1,1,1,1,1,1,1,0,1,1,1,0,NA,1,1,1,1,1,1,1,1,1,1,1,1,1,1,1
1087,HBB:c.262_264delACA,NA,0,NA,NA,NA,NA,NA,NA,NA,NA,NA,NA,NA,NA,NA,NA,NA,NA,NA,NA,NA,NA,NA,NA,NA,NA,NA,NA
1094,HBB:c.268A>C,1,1,1,1,1,1,1,0,1,1,1,1,NA,1,1,1,1,1,1,1,1,1,1,1,1,1,0,1
1094,HBB:c.270T>A,1,1,1,1,1,1,1,0,0,0,1,1,NA,1,1,1,1,1,1,1,0,1,1,1,1,1,0,1
1094,HBB:c.270T>G,1,1,1,1,1,1,1,0,0,0,1,1,NA,1,1,1,1,1,1,1,0,1,1,1,1,1,0,1
1095,HBB:c.269G>A,0,1,1,1,1,1,1,0,1,1,1,1,NA,1,1,1,1,1,1,1,1,1,1,1,1,1,1,1
1096,HBB:c.269G>C,1,1,1,1,1,1,1,0,1,1,1,1,NA,1,1,1,1,1,1,1,1,1,1,1,1,1,1,1
1099,HBB:c.273G>C,0,1,1,1,1,1,0,0,1,0,1,1,NA,0,0,1,1,1,1,1,1,1,0,1,1,1,0,1
1099,HBB:c.273G>T,0,1,1,1,1,1,0,0,1,0,1,1,NA,0,0,1,1,1,1,1,1,1,0,1,1,1,0,1
1100,HBB:c.280_294delTGTGACAAGCTGCAC,NA,1,NA,NA,NA,NA,NA,NA,NA,NA,NA,NA,NA,NA,NA,NA,NA,NA,NA,NA,NA,NA,NA,NA,NA,NA,NA,NA
1104,HBB:c.277C>T,1,1,1,1,1,1,1,1,1,1,1,1,NA,1,1,1,1,1,1,1,1,1,1,1,1,1,1,1
1107,HBB:c.278A>G,1,1,1,1,1,1,1,1,1,1,1,1,NA,1,1,1,1,1,1,1,1,1,1,1,1,1,1,1
1109,HBB:c.279C>A,1,1,1,1,1,1,1,1,1,0,1,1,NA,1,1,1,1,1,1,1,1,0,1,1,1,1,1,1
1109,HBB:c.279C>G,1,1,1,1,1,1,1,1,1,0,1,1,NA,1,1,1,1,1,1,1,1,0,1,1,1,1,1,1
1111,HBB:c.280T>C,1,1,1,1,1,1,1,0,1,1,1,0,NA,1,1,1,1,1,1,1,1,1,1,1,1,1,0,1
1114,HBB:c.283G>T,1,1,1,1,1,1,1,0,1,1,1,1,NA,1,1,0,1,1,1,1,1,1,1,1,1,1,1,1
1115,HBB:c.283G>C,1,1,1,1,1,1,1,0,1,1,1,1,NA,1,1,1,1,1,1,1,1,1,1,1,1,1,1,1
1116,HBB:c.283G>A,0,1,1,1,1,1,1,0,1,1,1,1,NA,0,0,0,1,1,1,1,1,1,0,1,0,0,1,0
1118,HBB:c.271_285dupGAGCTGCACTGTGAC,NA,NA,NA,NA,NA,NA,NA,NA,NA,NA,NA,NA,NA,NA,NA,NA,NA,NA,NA,NA,NA,NA,NA,NA,NA,NA,NA,NA
1120,HBB:c.287A>T,1,1,1,1,1,1,1,0,1,1,1,1,NA,1,1,1,1,1,1,1,1,1,1,1,1,1,1,0
1122,HBB:c.289C>G,1,1,1,1,1,1,1,0,1,0,1,1,NA,1,1,1,1,1,1,1,1,0,1,1,1,1,0,1
1123,HBB:c.290T>C,1,1,1,1,1,1,1,0,1,1,1,1,NA,1,1,1,1,1,1,1,1,1,1,1,1,1,1,1
1124,HBB:c.274_288dup,NA,NA,NA,NA,NA,NA,NA,NA,NA,NA,NA,NA,NA,NA,NA,NA,NA,NA,NA,NA,NA,NA,NA,NA,NA,NA,NA,NA
1125,HBB:c.293_295delACG,NA,1,NA,NA,NA,NA,NA,NA,NA,NA,NA,NA,NA,NA,NA,NA,NA,NA,NA,NA,NA,NA,NA,NA,NA,NA,NA,NA
1126,HBB:c.292C>T,1,1,1,1,1,1,1,0,1,1,1,1,NA,1,1,1,1,NA,1,1,1,1,1,1,1,1,1,1
1128,HBB:c.293A>T,1,1,1,1,1,1,1,0,1,1,1,1,NA,1,1,1,1,1,1,1,1,1,0,1,1,1,1,1
1129,HBB:c.293A>C,1,1,1,1,1,1,1,0,1,1,1,1,NA,1,1,1,1,1,1,1,1,1,1,1,1,1,1,1
1130,HBB:c.294C>A,1,1,1,1,1,1,1,0,1,0,1,1,NA,1,1,1,1,1,1,1,0,0,1,1,1,1,1,1
1130,HBB:c.294C>G,1,1,1,1,1,1,1,0,1,0,1,1,NA,1,1,1,1,1,1,1,0,0,1,1,1,1,1,1
1131,HBB:c.295G>A,1,1,1,1,1,1,1,1,1,1,1,1,NA,1,1,1,1,1,1,1,1,1,1,1,1,1,1,1
1132,HBB:c.296T>G,1,1,1,1,1,1,1,1,1,1,1,1,NA,1,1,1,1,1,1,1,1,1,1,1,1,1,1,0
1134,HBB:c.296T>C,1,1,1,1,1,1,1,1,1,1,1,1,NA,1,1,1,1,1,1,1,1,1,1,1,1,1,1,1
1135,HBB:c.298G>T,1,1,1,1,1,1,1,1,1,1,1,1,NA,1,1,1,1,1,1,1,1,1,1,1,1,1,1,1
1136,HBB:c.298G>C,1,1,1,1,1,1,1,1,1,1,1,1,NA,1,1,1,1,1,1,1,1,1,1,1,1,1,1,1
1137,HBB:c.298G>A,0,1,1,1,1,1,1,1,1,1,1,1,NA,1,1,1,1,1,1,1,1,1,1,1,1,1,1,1
1138,HBB:c.299A>G,1,1,1,1,1,1,1,1,1,1,1,1,NA,1,1,1,1,1,1,1,1,1,1,1,1,1,1,1
1139,HBB:c.299A>C,1,1,1,1,1,1,1,1,1,1,1,1,NA,1,1,1,1,1,1,1,1,1,1,1,1,1,1,1
1140,HBB:c.299A>T,1,1,1,1,1,1,1,1,1,1,1,1,NA,1,1,1,1,1,1,1,1,1,1,1,1,1,1,1
1141,HBB:c.300T>A,1,1,1,1,1,1,1,1,1,0,1,1,NA,1,1,1,1,1,1,1,0,0,1,1,1,1,0,1
1141,HBB:c.300T>G,1,1,1,1,1,1,1,1,1,0,1,1,NA,1,1,1,1,1,1,1,0,0,1,1,1,1,0,1
1142,HBB:c.301C>G,1,1,1,1,1,1,1,0,1,1,1,1,NA,1,1,1,1,1,1,1,1,1,1,1,1,1,1,1
1143,HBB:c.302C>G,1,1,1,1,1,1,1,1,1,1,1,1,NA,1,1,1,1,1,1,1,1,1,1,1,1,1,1,1
1144,HBB:c.302C>T,1,1,1,1,1,1,1,1,1,1,1,1,NA,1,1,1,1,1,1,1,1,1,1,1,1,1,1,1
1146,HBB:c.304G>A,1,1,1,1,1,1,1,0,1,1,1,1,NA,1,1,1,1,1,1,1,1,0,1,1,1,1,1,1
1147,HBB:c.305A>G,1,1,1,1,1,1,1,0,1,1,1,1,NA,1,1,1,1,1,1,1,1,1,1,1,1,1,1,0
1149,HBB:c.306G>C,0,1,0,0,1,1,1,0,1,1,1,1,NA,0,0,0,1,1,1,1,1,1,0,1,1,0,1,0
1149,HBB:c.306G>T,0,1,0,0,1,1,1,0,1,1,1,1,NA,0,0,0,1,1,1,1,1,1,0,1,1,0,1,0
1154,HBB:c.309C>A,0,1,1,1,1,1,1,0,1,0,1,1,NA,1,1,1,1,1,1,1,1,0,1,1,1,1,0,1
1154,HBB:c.309C>G,0,1,1,1,1,1,1,0,1,0,1,1,NA,1,1,1,1,1,1,1,1,0,1,1,1,1,0,1
1155,HBB:c.310T>G,1,1,1,1,1,1,1,1,1,1,1,1,NA,1,1,1,1,1,1,1,1,1,1,1,1,1,1,1
1156,HBB:c.310T>A,1,1,1,1,1,1,1,1,1,1,1,1,NA,1,1,1,1,1,1,1,1,1,1,1,1,1,1,1
1157,HBB:c.312C>G,1,1,1,1,1,1,1,1,1,1,1,1,NA,1,1,1,1,1,1,1,1,1,1,1,1,1,1,1
1163,HBB:c.316C>T,0,1,1,1,1,1,1,1,1,0,1,1,NA,1,1,1,1,1,1,1,1,1,1,1,1,1,0,0
1166,HBB:c.320T>C,1,1,1,1,1,1,1,1,1,1,1,1,NA,1,1,1,1,1,1,1,1,1,1,1,1,1,1,1
1167,HBB:c.320T>A,1,1,1,1,1,1,1,1,1,1,1,1,NA,1,1,1,1,1,1,1,1,1,1,1,1,1,1,1
1173,HBB:c.326A>G,0,1,0,0,1,0,0,0,0,1,1,1,NA,0,0,1,0,1,1,1,1,1,0,1,0,1,1,0
1174,HBB:c.327C>A,0,1,0,1,1,0,0,0,0,0,1,1,NA,0,0,1,1,1,1,1,0,0,0,1,0,1,0,0
1174,HBB:c.327C>G,0,1,0,1,1,0,0,0,0,0,1,1,NA,0,0,1,1,1,1,1,0,0,0,1,0,1,0,0
1176,HBB:c.328G>C,0,1,0,0,1,0,0,0,0,0,1,1,NA,0,0,1,1,1,1,1,0,0,0,1,0,0,0,1
1176,HBB:c.328G>T,0,1,0,0,1,0,0,0,0,0,1,1,NA,0,0,1,1,1,1,1,0,0,0,1,0,0,0,1
1177,HBB:c.328G>A,0,1,0,0,1,0,0,0,0,0,1,1,NA,0,0,0,1,1,1,1,0,0,0,0,0,0,0,0
1182,HBB:c.337T>C,0,0,0,1,0,0,0,0,0,0,1,0,NA,0,0,0,1,1,1,0,0,0,0,1,0,1,0,1
1193,HBB:c.347C>T,1,1,0,1,1,1,1,1,1,1,1,1,NA,1,1,1,1,1,1,1,1,0,0,1,1,1,1,0
1195,HBB:c.338_349dupGTGTGCTGGCCC,NA,NA,NA,NA,NA,NA,NA,NA,NA,NA,NA,NA,NA,NA,NA,NA,NA,NA,NA,NA,NA,NA,NA,NA,NA,NA,NA,NA
1199,HBB:c.350A>T,0,0,0,0,0,0,0,0,0,0,1,0,NA,0,0,0,1,1,1,1,0,0,0,1,0,0,1,0
1200,HBB:c.351T>A,0,0,0,0,0,0,0,0,0,0,1,0,NA,0,0,0,1,1,1,1,0,0,0,0,0,0,0,0
1200,HBB:c.351T>G,0,0,0,0,0,0,0,0,0,0,1,0,NA,0,0,0,1,1,1,1,0,0,0,0,0,0,0,0
1217,HBB:c.364G>C,0,1,0,1,1,1,1,0,1,1,1,1,NA,0,0,1,1,NA,0,0,1,1,0,1,0,1,1,0
1218,HBB:c.364G>A,0,1,0,1,1,1,1,0,1,1,1,1,NA,0,0,1,1,1,0,0,1,1,0,1,0,1,1,0
1222,HBB:c.367T>C,1,1,1,1,1,1,1,1,1,1,1,1,NA,0,1,1,1,1,0,0,1,1,0,1,1,1,1,1
1222,HBB:c.369C>A,1,1,0,1,1,1,1,1,1,1,1,1,NA,0,1,1,1,1,0,0,1,1,0,1,1,1,0,1
1222,HBB:c.369C>G,1,1,0,1,1,1,1,1,1,1,1,1,NA,0,1,1,1,1,0,0,1,1,0,1,1,1,0,1
1223,HBB:c.368T>C,1,1,1,1,1,1,1,1,1,1,1,1,NA,1,1,1,1,1,0,0,1,1,1,1,1,1,1,1
1228,HBB:c.374C>A,1,1,0,1,1,1,1,1,1,0,1,1,1,1,1,1,1,1,0,0,1,0,1,1,1,1,0,0
1229,HBB:c.374C>T,1,1,1,1,1,1,1,1,1,0,1,1,1,0,0,1,1,1,0,0,1,0,0,1,1,1,0,1
1234,HBB:c.380T>A,1,1,0,1,0,0,0,1,0,0,1,0,NA,0,0,1,1,1,1,0,0,0,0,1,0,1,0,1
1235,HBB:c.380T>G,0,1,0,1,1,0,0,1,0,0,1,1,NA,1,0,1,1,0,1,0,0,0,0,1,1,1,0,1
1241,HBB:c.385G>C,1,1,1,1,1,1,1,1,1,1,1,1,NA,1,1,1,1,1,1,1,1,1,1,1,1,1,1,1
1244,HBB:c.388G>C,1,1,1,1,1,1,1,1,1,0,1,1,NA,1,1,1,1,NA,1,1,1,0,1,1,1,1,0,1
1249,HBB:c.392A>G,0,1,0,1,1,0,0,0,0,0,1,1,NA,0,0,0,1,1,1,1,0,0,0,1,0,1,0,0
1250,HBB:c.392A>C,0,1,0,1,1,0,0,0,0,0,1,0,NA,0,0,0,1,1,1,1,0,0,0,1,0,1,0,1
1264,HBB:c.404T>A,1,1,0,1,1,1,1,0,1,0,1,1,NA,0,0,1,0,1,1,1,1,1,0,1,1,1,0,0
1265,HBB:c.406G>C,1,1,0,1,1,0,0,1,0,0,1,0,NA,0,0,1,1,1,1,1,0,0,0,1,1,1,0,1
1272,HBB:c.410G>A,0,1,1,1,1,1,1,0,0,1,1,1,NA,1,1,1,0,1,1,1,1,1,1,1,1,0,1,1
1274,HBB:c.415G>C,1,1,1,1,1,1,1,1,1,1,1,1,NA,1,1,1,1,1,1,1,1,1,1,1,1,1,1,1
1277,HBB:c.418A>T,0,1,0,0,1,0,0,0,0,0,1,0,NA,0,0,1,1,1,1,1,0,0,0,1,0,0,0,0
1282,HBB:c.421G>A,1,1,1,1,1,1,1,1,1,1,1,1,NA,1,1,1,1,1,1,1,1,1,1,1,1,1,1,0
1284,HBB:c.422C>T,1,1,1,1,1,1,1,0,1,1,1,1,NA,1,1,0,1,1,1,1,1,1,1,1,1,1,1,1
1287,HBB:c.424_426delCTG,NA,1,NA,NA,NA,NA,NA,NA,NA,NA,NA,NA,NA,NA,NA,NA,NA,NA,NA,NA,NA,NA,NA,NA,NA,NA,NA,NA
1288,HBB:c.425_433delTGGCCCACA,NA,1,NA,NA,NA,NA,NA,NA,NA,NA,NA,NA,NA,NA,NA,NA,NA,NA,NA,NA,NA,NA,NA,NA,NA,NA,NA,NA
1290,HBB:c.429_430delCC,NA,1,NA,NA,NA,NA,NA,NA,NA,NA,NA,NA,NA,NA,NA,NA,NA,NA,NA,NA,NA,NA,NA,NA,NA,NA,NA,NA
1292,HBB:c.427G>C,1,1,1,1,1,1,1,0,1,1,1,1,NA,0,1,1,0,1,1,1,1,1,0,1,1,1,0,1
1293,HBB:c.428C>A,1,1,1,1,1,1,1,0,1,1,1,1,NA,1,1,1,0,1,1,1,1,1,0,1,1,1,1,1
1294,HBB:c.431delA,NA,NA,NA,NA,NA,NA,NA,NA,NA,NA,NA,NA,NA,NA,NA,NA,NA,NA,NA,NA,NA,NA,NA,NA,NA,NA,NA,NA
1295,HBB:c.430C>G,1,1,1,1,1,1,1,0,1,1,1,1,NA,0,1,0,0,1,1,1,1,1,0,1,1,1,1,1
1297,HBB:c.430C>T,1,1,0,0,1,1,1,0,1,1,1,1,NA,0,1,1,0,NA,1,1,1,1,0,1,1,0,1,1
1298,HBB:c.431A>T,0,1,1,0,1,1,1,0,1,1,1,1,NA,0,0,1,1,1,1,1,1,1,0,1,0,0,1,0
1299,HBB:c.431A>G,0,1,0,0,1,1,0,0,1,1,1,1,NA,0,0,0,0,1,1,1,1,1,0,1,0,0,1,1
1300,HBB:c.431A>C,1,1,1,1,1,1,1,0,1,1,1,1,NA,0,1,1,1,1,1,1,1,1,0,1,1,1,1,1
1301,HBB:c.432C>A,0,1,0,1,1,1,1,0,1,1,1,1,NA,0,0,1,0,1,1,1,1,1,0,1,1,1,0,1
1301,HBB:c.432C>G,0,1,0,1,1,1,1,0,1,1,1,1,NA,0,0,1,0,1,1,1,1,1,0,1,1,1,0,1
1302,HBB:c.434delA,NA,1,NA,NA,NA,NA,NA,NA,NA,NA,NA,NA,NA,NA,NA,NA,NA,NA,NA,NA,NA,NA,NA,NA,NA,NA,NA,NA
1303,HBB:c.433A>G,0,1,0,0,1,1,1,1,1,1,1,1,NA,0,0,1,1,0,1,1,1,1,0,1,0,0,0,0
1304,HBB:c.434A>T,0,1,1,1,1,1,1,1,1,0,1,1,NA,1,0,1,1,0,1,1,1,1,0,1,1,1,0,0
1305,HBB:c.435G>C,0,1,0,1,1,0,0,1,1,0,1,1,NA,0,0,1,1,0,1,1,0,0,0,1,0,1,0,1
1305,HBB:c.435G>T,0,1,0,1,1,0,0,1,1,0,1,1,NA,0,0,1,1,0,1,1,0,0,0,1,0,1,0,1
1306,HBB:c.436_437insCT,NA,NA,NA,NA,NA,NA,NA,NA,NA,NA,NA,NA,NA,NA,NA,NA,NA,NA,NA,NA,NA,NA,NA,NA,NA,NA,NA,NA
1307,HBB:c.436T>A,1,1,1,1,1,1,1,1,1,1,1,1,NA,1,1,1,1,1,1,1,1,1,1,1,1,1,1,1
1308,HBB:c.436T>C,1,1,1,1,1,1,1,1,1,1,1,1,NA,1,1,1,1,1,1,1,1,1,0,1,1,1,1,1
1309,HBB:c.436T>G,1,1,1,1,1,1,1,1,1,1,1,1,NA,1,1,1,1,1,1,1,1,1,0,1,1,1,1,1
1310,HBB:c.437A>G,1,1,1,1,1,1,1,1,1,1,1,1,NA,1,1,1,1,1,1,1,1,1,1,1,1,1,1,1
1311,HBB:c.438T>A,1,1,NA,NA,1,1,1,NA,1,0,1,NA,NA,NA,NA,NA,0,NA,1,1,1,0,NA,NA,NA,NA,0,1
1312,HBB:c.439C>G,1,1,1,1,1,1,1,1,1,1,1,1,NA,1,1,1,1,1,1,1,1,1,1,1,1,1,0,1
1313,HBB:c.439C>T,1,1,1,1,1,1,1,1,1,1,1,1,NA,1,1,1,1,1,1,1,1,1,0,1,1,1,0,1
1314,HBB:c.440A>C,1,1,1,1,1,1,1,1,1,1,1,1,NA,1,1,1,1,1,1,1,1,1,1,1,1,1,0,1
1315,HBB:c.440A>T,1,1,0,1,1,1,1,1,1,1,1,1,NA,1,1,1,1,1,1,1,1,1,1,1,1,1,0,1
1317,HBB:c.441C>G,1,1,1,1,1,1,1,1,1,1,1,1,NA,0,1,1,1,1,1,1,1,0,0,1,1,1,1,1
1318,HBB:c.441C>A,1,1,1,1,1,1,1,1,1,1,1,1,NA,0,1,1,1,1,1,1,1,0,0,1,1,1,1,1
1319,HBB:c.440_441dupAC,NA,NA,NA,NA,NA,NA,NA,NA,NA,NA,NA,NA,NA,NA,NA,NA,NA,NA,NA,NA,NA,NA,NA,NA,NA,NA,NA,NA
1320,HBB:c.442_443dupTA,NA,NA,NA,NA,NA,NA,NA,NA,NA,NA,NA,NA,NA,NA,NA,NA,NA,NA,NA,NA,NA,NA,NA,NA,NA,NA,NA,NA
2023,HBA2:c.353T>C,1,1,1,1,1,1,1,0,1,1,1,NA,1,1,1,1,1,1,1,0,1,1,1,1,1,1,0,0
2024,HBB:c.430delC,NA,1,NA,NA,NA,NA,NA,NA,NA,NA,NA,NA,NA,NA,NA,NA,NA,NA,NA,NA,NA,NA,NA,NA,NA,NA,NA,NA
2171,NG_000007.3:g.70474C>T,NA,1,NA,NA,NA,NA,NA,NA,NA,NA,NA,NA,NA,NA,NA,NA,NA,NA,NA,NA,NA,NA,NA,NA,NA,NA,NA,NA
2172,HBB:c.-91A>C,NA,1,NA,NA,NA,NA,NA,NA,NA,NA,NA,NA,NA,NA,NA,NA,NA,NA,NA,NA,NA,NA,NA,NA,NA,NA,NA,NA
2174,HBB:c.74delG,NA,1,NA,NA,NA,NA,NA,NA,NA,NA,NA,NA,NA,NA,NA,NA,NA,NA,NA,NA,NA,NA,NA,NA,NA,NA,NA,NA
2175,HBB:c.-76A>C,NA,1,NA,NA,NA,NA,NA,NA,NA,NA,NA,NA,NA,NA,NA,NA,NA,NA,NA,NA,NA,NA,NA,NA,NA,NA,NA,NA
2176,NG_000007.3:g.70583C>T,NA,1,NA,NA,NA,NA,NA,NA,NA,NA,NA,NA,NA,NA,NA,NA,NA,NA,NA,NA,NA,NA,NA,NA,NA,NA,NA,NA
2177,HBB:*32A>C,NA,0,NA,NA,NA,NA,NA,NA,NA,NA,NA,NA,NA,NA,NA,NA,NA,NA,NA,NA,NA,NA,NA,NA,NA,NA,NA,NA
2178,HBB:c.-138C>G,NA,1,NA,NA,NA,NA,NA,NA,NA,NA,NA,NA,NA,NA,NA,NA,NA,NA,NA,NA,NA,NA,NA,NA,NA,NA,NA,NA
2179,HBB:c.-80T>G,NA,1,NA,NA,NA,NA,NA,NA,NA,NA,NA,NA,NA,NA,NA,NA,NA,NA,NA,NA,NA,NA,NA,NA,NA,NA,NA,NA
2180,HBB:c.18_19delTG,NA,1,NA,NA,NA,NA,NA,NA,NA,NA,NA,NA,NA,NA,NA,NA,NA,NA,NA,NA,NA,NA,NA,NA,NA,NA,NA,NA
2181,HBB:c.219dupT,NA,NA,NA,NA,NA,NA,NA,NA,NA,NA,NA,NA,NA,NA,NA,NA,NA,NA,NA,NA,NA,NA,NA,NA,NA,NA,NA,NA
2182,HBB:c.315+2_315+13delTGAGTCTATGGG,NA,NA,NA,NA,NA,NA,NA,NA,NA,NA,NA,NA,NA,NA,NA,NA,NA,NA,NA,NA,NA,NA,NA,NA,NA,NA,NA,NA
2184,HBB:c.20_45del26bp,NA,NA,NA,NA,NA,NA,NA,NA,NA,NA,NA,NA,NA,NA,NA,NA,NA,NA,NA,NA,NA,NA,NA,NA,NA,NA,NA,NA
2185,HBB:c.27_28insAGAA,NA,NA,NA,NA,NA,NA,NA,NA,NA,NA,NA,NA,NA,NA,NA,NA,NA,NA,NA,NA,NA,NA,NA,NA,NA,NA,NA,NA
2187,HBB:c.146delT,NA,1,NA,NA,NA,NA,NA,NA,NA,NA,NA,NA,NA,NA,NA,NA,NA,NA,NA,NA,NA,NA,NA,NA,NA,NA,NA,NA
2188,HBB:c.201delA,NA,1,NA,NA,NA,NA,NA,NA,NA,NA,NA,NA,NA,NA,NA,NA,NA,NA,NA,NA,NA,NA,NA,NA,NA,NA,NA,NA
2189,HBB:c.210delT,NA,1,NA,NA,NA,NA,NA,NA,NA,NA,NA,NA,NA,NA,NA,NA,NA,NA,NA,NA,NA,NA,NA,NA,NA,NA,NA,NA
2191,HBB:c.323_334delGGCAACGTGCTGG,NA,NA,NA,NA,NA,NA,NA,NA,NA,NA,NA,NA,NA,NA,NA,NA,NA,NA,NA,NA,NA,NA,NA,NA,NA,NA,NA,NA
2192,HBB:c.339_345dupTGTGCTG,NA,NA,NA,NA,NA,NA,NA,NA,NA,NA,NA,NA,NA,NA,NA,NA,NA,NA,NA,NA,NA,NA,NA,NA,NA,NA,NA,NA
2193,HBB:c.354delC,NA,NA,NA,NA,NA,NA,NA,NA,NA,NA,NA,NA,NA,NA,NA,NA,NA,NA,NA,NA,NA,NA,NA,NA,NA,NA,NA,NA
2194,HBB:c.375dupA,NA,NA,NA,NA,NA,NA,NA,NA,NA,NA,NA,NA,NA,NA,NA,NA,NA,NA,NA,NA,NA,NA,NA,NA,NA,NA,NA,NA
2195,HBB:c.377_382delCAGTGC,NA,NA,NA,NA,NA,NA,NA,NA,NA,NA,NA,NA,NA,NA,NA,NA,NA,NA,NA,NA,NA,NA,NA,NA,NA,NA,NA,NA
2196,HBB:c.393T>A,1,1,NA,NA,1,0,0,NA,0,0,1,NA,NA,NA,NA,NA,1,NA,1,1,0,0,NA,NA,NA,NA,0,0
2197,HBB:c.395dupA,NA,NA,NA,NA,NA,NA,NA,NA,NA,NA,NA,NA,NA,NA,NA,NA,NA,NA,NA,NA,NA,NA,NA,NA,NA,NA,NA,NA
2200,HBB:c.316-86_316-85insCTGCTTTTATTTT,NA,NA,NA,NA,NA,NA,NA,NA,NA,NA,NA,NA,NA,NA,NA,NA,NA,NA,NA,NA,NA,NA,NA,NA,NA,NA,NA,NA
2204,HBA1:c.95+4A>G,NA,1,NA,NA,NA,NA,NA,NA,NA,NA,NA,NA,NA,NA,NA,NA,NA,NA,NA,NA,NA,NA,NA,NA,NA,NA,NA,NA
2205,HBA1:c.62_63insT,NA,1,NA,NA,NA,NA,NA,NA,NA,NA,NA,NA,NA,NA,NA,NA,NA,NA,NA,NA,NA,NA,NA,NA,NA,NA,NA,NA
2206,HBA2:c.27delC,NA,NA,NA,NA,NA,NA,NA,NA,NA,NA,NA,NA,NA,NA,NA,NA,NA,NA,NA,NA,NA,NA,NA,NA,NA,NA,NA,NA
2208,HBA2:c.75T>G,1,1,NA,NA,1,0,1,NA,0,0,1,NA,1,NA,NA,NA,1,NA,1,0,0,0,NA,NA,NA,NA,0,0
2209,HBA2:c.98T>G,0,1,1,1,1,1,1,0,1,0,1,NA,1,1,1,1,1,1,1,1,1,0,1,1,1,1,0,1
2210,HBA2:c.94A>C,NA,1,NA,NA,NA,NA,NA,NA,NA,NA,NA,NA,NA,NA,NA,NA,NA,NA,NA,NA,NA,NA,NA,NA,NA,NA,NA,NA
2211,HBA2:c.112delC,NA,NA,NA,NA,NA,NA,NA,NA,NA,NA,NA,NA,NA,NA,NA,NA,NA,NA,NA,NA,NA,NA,NA,NA,NA,NA,NA,NA
2214,HBA2:c.131delT,NA,NA,NA,NA,NA,NA,NA,NA,NA,NA,NA,NA,NA,NA,NA,NA,NA,NA,NA,NA,NA,NA,NA,NA,NA,NA,NA,NA
2215,HBA2:c.132delC,NA,1,NA,NA,NA,NA,NA,NA,NA,NA,NA,NA,NA,NA,NA,NA,NA,NA,NA,NA,NA,NA,NA,NA,NA,NA,NA,NA
2216,HBA2:c.143delA,NA,1,NA,NA,NA,NA,NA,NA,NA,NA,NA,NA,NA,NA,NA,NA,NA,NA,NA,NA,NA,NA,NA,NA,NA,NA,NA,NA
2217,HBA2:c.156_157insG,NA,NA,NA,NA,NA,NA,NA,NA,NA,NA,NA,NA,NA,NA,NA,NA,NA,NA,NA,NA,NA,NA,NA,NA,NA,NA,NA,NA
2218,HBA2:c.190_231del,NA,NA,NA,NA,NA,NA,NA,NA,NA,NA,NA,NA,NA,NA,NA,NA,NA,NA,NA,NA,NA,NA,NA,NA,NA,NA,NA,NA
2219,HBA2:c.244delT,NA,1,NA,NA,NA,NA,NA,NA,NA,NA,NA,NA,NA,NA,NA,NA,NA,NA,NA,NA,NA,NA,NA,NA,NA,NA,NA,NA
2220,HBA2:c.305T>C,1,1,1,1,1,1,1,1,1,1,1,NA,1,1,1,1,1,1,1,1,1,1,1,1,1,1,1,1
2221,HBA2:c.349_359delGAGTTCACCCC,NA,NA,NA,NA,NA,NA,NA,NA,NA,NA,NA,NA,NA,NA,NA,NA,NA,NA,NA,NA,NA,NA,NA,NA,NA,NA,NA,NA
2222,HBA1:c.301-3C>G,NA,1,NA,NA,NA,NA,NA,NA,NA,NA,NA,NA,NA,NA,NA,NA,NA,NA,NA,NA,NA,NA,NA,NA,NA,NA,NA,NA
2224,HBA1:c.333_345delCGCCCACCTCCCC,NA,NA,NA,NA,NA,NA,NA,NA,NA,NA,NA,NA,NA,NA,NA,NA,NA,NA,NA,NA,NA,NA,NA,NA,NA,NA,NA,NA
2225,HBA1:c.*96G>A,NA,1,NA,NA,NA,NA,NA,NA,NA,NA,NA,NA,NA,NA,NA,NA,NA,NA,NA,NA,NA,NA,NA,NA,NA,NA,NA,NA
2226,HBA2:c.*46C>A,NA,0,NA,NA,NA,NA,NA,NA,NA,NA,NA,NA,NA,NA,NA,NA,NA,NA,NA,NA,NA,NA,NA,NA,NA,NA,NA,NA
2279,HBB:c.308insTC,NA,NA,NA,NA,NA,NA,NA,NA,NA,NA,NA,NA,NA,NA,NA,NA,NA,NA,NA,NA,NA,NA,NA,NA,NA,NA,NA,NA
2282,HBB:c.420dupT,NA,1,NA,NA,NA,NA,NA,NA,NA,NA,NA,NA,NA,NA,NA,NA,NA,NA,NA,NA,NA,NA,NA,NA,NA,NA,NA,NA
2284,HBB:c.424C>G,0,1,0,1,1,1,1,1,1,1,1,1,NA,1,1,1,1,1,1,1,1,0,0,1,1,1,1,1
2285,HBA1:c.62A>C,0,1,1,1,0,1,1,0,1,1,1,1,1,1,1,NA,1,1,0,0,1,1,1,1,1,1,1,1
2297,HBB:c.428C>T,1,1,1,1,1,1,1,0,1,1,1,1,NA,0,1,1,0,1,1,1,1,1,0,1,1,1,1,1
2298,HBB:c.53A>T,0,1,1,1,1,1,1,0,1,1,1,1,NA,1,1,1,1,1,1,1,1,1,1,1,1,1,1,1
2306,HBA2:c.4G>C,0,1,0,0,1,1,1,0,1,0,1,NA,1,0,0,1,1,1,1,1,1,1,0,1,1,0,0,1
2308,HBA2:c.264C>G,1,1,1,1,1,0,1,1,0,0,1,NA,1,1,1,1,1,1,1,1,0,0,1,1,1,1,0,1
2311,HBA2: c.274C>T,0,1,1,1,1,1,1,0,1,0,1,NA,1,1,1,1,1,1,1,1,1,0,1,1,1,1,0,0
2332,HBB:c.128T>G,1,1,1,1,1,1,1,1,1,1,1,1,NA,1,1,1,1,1,1,1,1,1,1,1,1,1,1,1
2340,HBA1:c.315C>G,0,1,1,1,1,1,1,0,1,0,1,1,1,1,0,NA,1,1,1,1,1,1,1,1,0,1,0,0
2356,HBA2:c.368A>T,1,1,1,1,0,1,1,0,1,1,1,NA,1,0,1,1,1,1,1,0,1,1,0,1,1,1,0,1
2361,HBA2:c.8T>C,1,1,1,1,1,1,1,1,1,1,1,NA,1,1,1,1,1,0,1,1,1,1,0,1,1,1,1,0
2364,HBB:c.433A>T,1,1,NA,NA,1,1,1,NA,1,1,1,NA,NA,NA,NA,NA,1,NA,1,1,1,1,NA,NA,NA,NA,0,0
2367,HBA2:c.265G>A,0,1,1,1,1,1,1,0,1,0,1,NA,1,1,1,1,1,1,1,1,1,1,1,1,1,1,0,0
2372,HBA2:c.259C>G,0,1,0,1,1,1,1,0,1,0,1,NA,1,0,0,1,1,1,1,1,1,1,0,1,1,1,1,0
2376,HBA2:c.140T>C,1,1,1,1,1,1,1,1,1,1,1,NA,1,1,1,1,1,1,1,1,1,1,1,1,1,1,1,1
2393,HBB:c.119delA,NA,NA,NA,NA,NA,NA,NA,NA,NA,NA,NA,NA,NA,NA,NA,NA,NA,NA,NA,NA,NA,NA,NA,NA,NA,NA,NA,NA
2407,HBB:c.149_167delinsAGCT,NA,NA,NA,NA,NA,NA,NA,NA,NA,NA,NA,NA,NA,NA,NA,NA,NA,NA,NA,NA,NA,NA,NA,NA,NA,NA,NA,NA
2412,HBB:c.301C>T,1,1,1,1,1,1,1,1,1,1,1,1,NA,1,1,1,1,1,1,1,1,1,1,1,1,1,1,1
2416,HBA1:c.299A>T,0,1,1,1,0,1,1,0,1,0,1,1,1,0,0,NA,1,1,1,1,1,0,0,1,1,1,0,0
2420,HBA2:c.313T>C,1,1,1,1,1,1,1,0,0,0,1,NA,1,1,1,1,1,1,1,1,1,1,1,1,1,1,0,1
2424,HBA2:c.299A>G,0,1,1,1,1,1,1,0,1,0,1,NA,1,0,0,0,1,1,1,1,1,1,0,1,1,1,0,0
2433,HBA2:c.40_45delGCCTGG,NA,NA,NA,NA,NA,NA,NA,NA,NA,NA,NA,NA,NA,NA,NA,NA,NA,NA,NA,NA,NA,NA,NA,NA,NA,NA,NA,NA
2436,HBA2:c.323delT,NA,1,NA,NA,NA,NA,NA,NA,NA,NA,NA,NA,NA,NA,NA,NA,NA,NA,NA,NA,NA,NA,NA,NA,NA,NA,NA,NA
2438,HBA2:c.69_77delCGAGTATGG,NA,NA,NA,NA,NA,NA,NA,NA,NA,NA,NA,NA,NA,NA,NA,NA,NA,NA,NA,NA,NA,NA,NA,NA,NA,NA,NA,NA
2445,HBB:c.241_243delAAC,NA,NA,NA,NA,NA,NA,NA,NA,NA,NA,NA,NA,NA,NA,NA,NA,NA,NA,NA,NA,NA,NA,NA,NA,NA,NA,NA,NA
2451,HBA1:c.96-2A>G,NA,1,NA,NA,NA,NA,NA,NA,NA,NA,NA,NA,NA,NA,NA,NA,NA,NA,NA,NA,NA,NA,NA,NA,NA,NA,NA,NA
2460,HBA2:c.2T>G,1,1,1,1,1,1,1,0,1,0,1,NA,1,1,1,NA,1,1,1,1,1,1,1,1,1,1,0,1
2461,HBB:c.127T>A,1,1,1,1,1,1,1,1,1,1,1,1,NA,1,1,1,1,1,1,1,1,1,1,1,1,1,1,1
2462,HBB:c.216delT,NA,1,NA,NA,NA,NA,NA,NA,NA,NA,NA,NA,NA,NA,NA,NA,NA,NA,NA,NA,NA,NA,NA,NA,NA,NA,NA,NA
2463,HBB:c.*233G>C,NA,0,NA,NA,NA,NA,NA,NA,NA,NA,NA,NA,NA,NA,NA,NA,NA,NA,NA,NA,NA,NA,NA,NA,NA,NA,NA,NA
2465,HBA2:c.60delG,NA,1,NA,NA,NA,NA,NA,NA,NA,NA,NA,NA,NA,NA,NA,NA,NA,NA,NA,NA,NA,NA,NA,NA,NA,NA,NA,NA
2467,HBA1:c.298A>T,1,1,NA,NA,1,1,1,NA,1,0,1,NA,1,NA,NA,NA,1,NA,1,1,1,1,NA,NA,NA,NA,0,1
2468,HBA1:c.134_135insC,NA,NA,NA,NA,NA,NA,NA,NA,NA,NA,NA,NA,NA,NA,NA,NA,NA,NA,NA,NA,NA,NA,NA,NA,NA,NA,NA,NA
2469,HBA2:c.22A>T,1,1,NA,NA,1,1,1,NA,1,1,1,NA,1,NA,NA,NA,1,NA,0,0,1,1,NA,NA,NA,NA,1,1
2470,HBA2:c.274C>A,0,1,1,1,1,1,1,0,1,0,1,NA,1,1,1,1,1,1,1,1,1,0,1,1,1,1,0,0
2480,HBA2:c.388delC,NA,NA,NA,NA,NA,NA,NA,NA,NA,NA,NA,NA,NA,NA,NA,NA,NA,NA,NA,NA,NA,NA,NA,NA,NA,NA,NA,NA
2487,HBA2:c.94A>G,1,1,1,1,1,1,1,1,1,0,1,NA,1,1,1,1,1,1,1,1,1,1,1,1,1,1,0,0
2488,HBA2:c.75T>A,1,1,NA,NA,1,0,1,NA,0,0,1,NA,1,NA,NA,NA,1,NA,1,0,0,0,NA,NA,NA,NA,0,0
2493,HBA2:c.123delG,NA,1,NA,NA,NA,NA,NA,NA,NA,NA,NA,NA,NA,NA,NA,NA,NA,NA,NA,NA,NA,NA,NA,NA,NA,NA,NA,NA
2506,HBA1:c.262C>T,1,1,1,1,1,1,1,1,1,0,1,1,1,1,1,NA,1,1,1,1,1,1,1,1,1,1,1,1
2507,HBA1:c.283G>A,0,1,1,1,1,1,1,0,1,1,1,1,1,1,1,NA,1,1,1,1,1,1,1,1,1,1,1,1
2518,HBA2:c.45G>A,1,1,NA,NA,1,1,1,NA,1,1,1,NA,1,NA,NA,NA,1,NA,0,0,1,1,NA,NA,NA,NA,0,0
2519,HBA2:c.382A>T,1,1,NA,NA,1,1,1,NA,1,0,1,NA,1,NA,NA,NA,1,NA,1,1,1,1,NA,NA,NA,NA,0,1
2522,HBB:c.209delG,NA,1,NA,NA,NA,NA,NA,NA,NA,NA,NA,NA,NA,NA,NA,NA,NA,NA,NA,NA,NA,NA,NA,NA,NA,NA,NA,NA
2525,HBB:c.199_207dupAAAGTGCTC,NA,NA,NA,NA,NA,NA,NA,NA,NA,NA,NA,NA,NA,NA,NA,NA,NA,NA,NA,NA,NA,NA,NA,NA,NA,NA,NA,NA
2526,HBA2:c.428A>T,0,1,NA,NA,0,1,1,NA,1,0,1,NA,NA,NA,NA,NA,1,NA,1,0,1,0,NA,NA,NA,NA,0,0
2527,HBA2:c.343_344insCC,NA,NA,NA,NA,NA,NA,NA,NA,NA,NA,NA,NA,NA,NA,NA,NA,NA,NA,NA,NA,NA,NA,NA,NA,NA,NA,NA,NA
2528,HBA1:c.193G>A,0,1,0,0,1,0,0,0,0,0,1,1,1,0,0,NA,1,1,1,0,0,1,0,1,0,0,0,0
2529,HBA1:c.151_152insGGAGCC,NA,NA,NA,NA,NA,NA,NA,NA,NA,NA,NA,NA,NA,NA,NA,NA,NA,NA,NA,NA,NA,NA,NA,NA,NA,NA,NA,NA
2536,HBB:c.-21T>A,NA,1,NA,NA,NA,NA,NA,NA,NA,NA,NA,NA,NA,NA,NA,NA,NA,NA,NA,NA,NA,NA,NA,NA,NA,NA,NA,NA
2538,HBA2:c.77G>A,0,1,1,1,1,1,1,1,1,0,1,NA,1,1,1,1,1,1,1,0,1,0,1,1,1,1,0,1
2539,HBA1:c.283_300+3dup,NA,NA,NA,NA,NA,NA,NA,NA,NA,NA,NA,NA,NA,NA,NA,NA,NA,NA,NA,NA,NA,NA,NA,NA,NA,NA,NA,NA
2544,HBB:c.122G>C,1,1,1,1,1,1,1,0,1,1,1,1,NA,1,1,0,1,1,1,1,1,1,1,1,1,1,1,0
2549,HBA2:c.264C>A,1,1,1,1,1,0,1,1,0,0,1,NA,1,1,1,1,1,1,1,1,0,0,1,1,1,1,0,1
2553,HBB:c.44delT,NA,NA,NA,NA,NA,NA,NA,NA,NA,NA,NA,NA,NA,NA,NA,NA,NA,NA,NA,NA,NA,NA,NA,NA,NA,NA,NA,NA
2565,HBB:c.-75G>T,NA,1,NA,NA,NA,NA,NA,NA,NA,NA,NA,NA,NA,NA,NA,NA,NA,NA,NA,NA,NA,NA,NA,NA,NA,NA,NA,NA
2571,HBA1:c.329T>C,1,1,1,1,1,1,1,1,1,1,1,1,1,1,1,NA,1,1,1,1,1,1,1,1,1,1,1,1
2576,HBA2:c.206delA,NA,NA,NA,NA,NA,NA,NA,NA,NA,NA,NA,NA,NA,NA,NA,NA,NA,NA,NA,NA,NA,NA,NA,NA,NA,NA,NA,NA
2951,HBA2:c.356C>T,0,1,0,1,1,0,1,1,0,0,1,NA,1,1,1,1,1,1,1,0,1,0,0,1,1,1,0,1
2954,HBB:c.129delT,NA,NA,NA,NA,NA,NA,NA,NA,NA,NA,NA,NA,NA,NA,NA,NA,NA,NA,NA,NA,NA,NA,NA,NA,NA,NA,NA,NA
2955,HBA2:c.149_172del,NA,NA,NA,NA,NA,NA,NA,NA,NA,NA,NA,NA,NA,NA,NA,NA,NA,NA,NA,NA,NA,NA,NA,NA,NA,NA,NA,NA
2957,HBA2:c.96-1G>A,NA,1,NA,NA,NA,NA,NA,NA,NA,NA,NA,NA,NA,NA,NA,NA,NA,NA,NA,NA,NA,NA,NA,NA,NA,NA,NA,NA
2958,HBB:c.24dupG,NA,1,NA,NA,NA,NA,NA,NA,NA,NA,NA,NA,NA,NA,NA,NA,NA,NA,NA,NA,NA,NA,NA,NA,NA,NA,NA,NA
2959,HBB:c.158delA,NA,NA,NA,NA,NA,NA,NA,NA,NA,NA,NA,NA,NA,NA,NA,NA,NA,NA,NA,NA,NA,NA,NA,NA,NA,NA,NA,NA
2960,HBB:c.142_142dupG,NA,1,NA,NA,NA,NA,NA,NA,NA,NA,NA,NA,NA,NA,NA,NA,NA,NA,NA,NA,NA,NA,NA,NA,NA,NA,NA,NA
2961,HBB:c.434A>C,0,1,1,1,1,0,1,1,1,0,1,1,NA,1,0,1,1,0,1,1,1,1,0,1,0,1,0,0
2962,HBB:c.119A>C,1,1,1,1,1,1,1,1,1,0,1,1,NA,1,1,1,1,1,1,1,1,1,1,1,1,1,0,1
2965,HBB:c.270_273delTGAG,NA,1,NA,NA,NA,NA,NA,NA,NA,NA,NA,NA,NA,NA,NA,NA,NA,NA,NA,NA,NA,NA,NA,NA,NA,NA,NA,NA
2966,HBB:c.296_297dup,NA,NA,NA,NA,NA,NA,NA,NA,NA,NA,NA,NA,NA,NA,NA,NA,NA,NA,NA,NA,NA,NA,NA,NA,NA,NA,NA,NA
2969,HBB:c.215T>A,0,1,1,1,1,1,1,0,1,1,1,1,NA,1,1,1,0,1,1,1,1,1,1,1,1,1,1,0
2974,HBB:c.62T>C,0,0,0,1,0,0,0,0,0,0,1,1,NA,0,0,0,1,1,0,0,1,0,0,1,0,1,0,0
2975,HBB:c.257T>G,0,1,1,1,1,1,1,0,1,0,1,1,NA,1,1,1,1,1,1,1,1,1,1,1,1,1,1,0
2986,HBA1:c.98T>C,0,1,0,0,0,1,1,0,1,0,1,0,1,0,0,NA,1,1,1,1,1,0,0,1,0,0,0,0
2988,HBA2:c.-91G>A,NA,0,NA,NA,NA,NA,NA,NA,NA,NA,NA,NA,NA,NA,NA,NA,NA,NA,NA,NA,NA,NA,NA,NA,NA,NA,NA,NA
2990,HBB:c.167_179del,NA,NA,NA,NA,NA,NA,NA,NA,NA,NA,NA,NA,NA,NA,NA,NA,NA,NA,NA,NA,NA,NA,NA,NA,NA,NA,NA,NA
2991,HBA1:c.326C>A,0,1,0,1,1,0,1,0,1,0,1,1,1,0,0,NA,0,1,1,1,1,1,1,1,1,1,0,1
2995,HBA1:c.85G>A,0,1,1,0,1,1,1,0,1,0,1,1,1,0,0,NA,1,1,1,1,1,1,0,1,1,0,0,0
2997,HBB:c.-122T>A,NA,1,NA,NA,NA,NA,NA,NA,NA,NA,NA,NA,NA,NA,NA,NA,NA,NA,NA,NA,NA,NA,NA,NA,NA,NA,NA,NA
2999,HBA2:c.107C>T,0,1,1,1,1,0,0,0,0,0,1,NA,1,1,0,1,1,1,1,1,0,1,1,1,0,1,1,0
3014,HBB:c.8delA,NA,NA,NA,NA,NA,NA,NA,NA,NA,NA,NA,NA,NA,NA,NA,NA,NA,NA,NA,NA,NA,NA,NA,NA,NA,NA,NA,NA
3019,HBB:c.206_212delTCGGTGC,NA,NA,NA,NA,NA,NA,NA,NA,NA,NA,NA,NA,NA,NA,NA,NA,NA,NA,NA,NA,NA,NA,NA,NA,NA,NA,NA,NA
3023,HBB:c.108C>G,1,1,NA,NA,1,1,1,NA,1,1,1,NA,NA,NA,NA,NA,1,NA,1,1,1,0,NA,NA,NA,NA,0,1
3024,HBB:c.335-346del12bp,NA,NA,NA,NA,NA,NA,NA,NA,NA,NA,NA,NA,NA,NA,NA,NA,NA,NA,NA,NA,NA,NA,NA,NA,NA,NA,NA,NA
3027,HBA2:c.3G>T,1,1,1,1,1,1,1,0,1,1,1,NA,1,1,1,NA,1,1,1,1,1,1,1,1,1,1,1,1
3028,HBA2:c.358C>T,0,1,1,1,1,1,1,0,1,0,1,NA,1,1,1,1,1,1,1,0,1,1,0,1,1,1,1,0
3029,HBA2:c.364_366dupGTG,NA,NA,NA,NA,NA,NA,NA,NA,NA,NA,NA,NA,NA,NA,NA,NA,NA,NA,NA,NA,NA,NA,NA,NA,NA,NA,NA,NA
3030,HBA1:c.91G>T,1,1,NA,NA,1,1,1,NA,1,0,1,NA,0,NA,NA,NA,1,NA,1,1,1,1,NA,NA,NA,NA,0,0
3031,HBA1:c.300+1G>A,NA,1,NA,NA,NA,NA,NA,NA,NA,NA,NA,NA,NA,NA,NA,NA,NA,NA,NA,NA,NA,NA,NA,NA,NA,NA,NA,NA
3032,HBA1:c.85G>T,0,1,1,1,1,1,1,0,1,0,1,1,1,1,1,NA,1,1,1,1,1,1,1,1,1,1,0,1
3036,HBA1:c.354_355insTCA,NA,NA,NA,NA,NA,NA,NA,NA,NA,NA,NA,NA,NA,NA,NA,NA,NA,NA,NA,NA,NA,NA,NA,NA,NA,NA,NA,NA
3039,HBA2: c.157_180del,NA,NA,NA,NA,NA,NA,NA,NA,NA,NA,NA,NA,NA,NA,NA,NA,NA,NA,NA,NA,NA,NA,NA,NA,NA,NA,NA,NA
3042,HBA2:c.367C>T,0,1,1,1,1,1,1,0,1,1,1,NA,1,1,1,1,1,1,1,0,1,1,1,1,1,1,1,0
3044,HBB:c.271delG,NA,NA,NA,NA,NA,NA,NA,NA,NA,NA,NA,NA,NA,NA,NA,NA,NA,NA,NA,NA,NA,NA,NA,NA,NA,NA,NA,NA
3046,HBB:c.*115_*116delAA,NA,NA,NA,NA,NA,NA,NA,NA,NA,NA,NA,NA,NA,NA,NA,NA,NA,NA,NA,NA,NA,NA,NA,NA,NA,NA,NA,NA
3049,HBA1:c.95+1G>C,NA,1,NA,NA,NA,NA,NA,NA,NA,NA,NA,NA,NA,NA,NA,NA,NA,NA,NA,NA,NA,NA,NA,NA,NA,NA,NA,NA
3050,HBA2:c.1A>T,0,1,1,1,0,1,1,0,1,1,1,NA,1,1,1,NA,1,1,1,1,1,1,1,1,1,1,0,0
3051,HBA2:c.-3delA,NA,NA,NA,NA,NA,NA,NA,NA,NA,NA,NA,NA,NA,NA,NA,NA,NA,NA,NA,NA,NA,NA,NA,NA,NA,NA,NA,NA
3053,HBA2:c.143_146delACCT,NA,NA,NA,NA,NA,NA,NA,NA,NA,NA,NA,NA,NA,NA,NA,NA,NA,NA,NA,NA,NA,NA,NA,NA,NA,NA,NA,NA
3054,HBA2:c.169_170delAA,NA,NA,NA,NA,NA,NA,NA,NA,NA,NA,NA,NA,NA,NA,NA,NA,NA,NA,NA,NA,NA,NA,NA,NA,NA,NA,NA,NA
3055,HBA2:c.220_223delGTGG,NA,NA,NA,NA,NA,NA,NA,NA,NA,NA,NA,NA,NA,NA,NA,NA,NA,NA,NA,NA,NA,NA,NA,NA,NA,NA,NA,NA
3056,HBA2:c.313T>A,0,1,0,1,0,0,0,0,0,0,1,NA,1,0,0,1,0,1,1,1,1,1,0,1,0,1,0,0
3057,HBB:c.272_295dup,NA,NA,NA,NA,NA,NA,NA,NA,NA,NA,NA,NA,NA,NA,NA,NA,NA,NA,NA,NA,NA,NA,NA,NA,NA,NA,NA,NA
3061,HBB:c.178_179insT,NA,NA,NA,NA,NA,NA,NA,NA,NA,NA,NA,NA,NA,NA,NA,NA,NA,NA,NA,NA,NA,NA,NA,NA,NA,NA,NA,NA
3075,HBA1:c.171_172insAGCCACGGCTCTGCCCAAGTTAGG,NA,NA,NA,NA,NA,NA,NA,NA,NA,NA,NA,NA,NA,NA,NA,NA,NA,NA,NA,NA,NA,NA,NA,NA,NA,NA,NA,NA
3079,HBA2:c.168dup,NA,NA,NA,NA,NA,NA,NA,NA,NA,NA,NA,NA,NA,NA,NA,NA,NA,NA,NA,NA,NA,NA,NA,NA,NA,NA,NA,NA
3080,HBA2:c.283_300+3dup,NA,NA,NA,NA,NA,NA,NA,NA,NA,NA,NA,NA,NA,NA,NA,NA,NA,NA,NA,NA,NA,NA,NA,NA,NA,NA,NA,NA
3140,HBA2:c.345delC,NA,NA,NA,NA,NA,NA,NA,NA,NA,NA,NA,NA,NA,NA,NA,NA,NA,NA,NA,NA,NA,NA,NA,NA,NA,NA,NA,NA
3147,HBA1:c.2T>A,0,1,1,1,1,1,1,0,1,0,1,1,1,1,1,NA,1,1,1,1,1,1,1,1,1,1,0,1
3175,HBA1:c.176A>T,0,1,1,1,1,1,1,1,1,1,1,1,1,1,1,NA,1,1,1,1,1,1,1,1,1,1,1,1
3217,HBA2:c.94A>T,0,1,1,1,1,1,1,1,1,0,1,NA,1,1,1,1,1,1,1,1,1,1,1,1,1,1,0,0
3224,HBB:c.-140C>G,NA,1,NA,NA,NA,NA,NA,NA,NA,NA,NA,NA,NA,NA,NA,NA,NA,NA,NA,NA,NA,NA,NA,NA,NA,NA,NA,NA
3225,HBB:c.237_256delGGACAACCTCAAGGGCACCT,NA,NA,NA,NA,NA,NA,NA,NA,NA,NA,NA,NA,NA,NA,NA,NA,NA,NA,NA,NA,NA,NA,NA,NA,NA,NA,NA,NA
3226,HBB:c.315+2T>G,NA,1,NA,NA,NA,NA,NA,NA,NA,NA,NA,NA,NA,NA,NA,NA,NA,NA,NA,NA,NA,NA,NA,NA,NA,NA,NA,NA
3227,HBB:c.376_380dupCCAGT,NA,NA,NA,NA,NA,NA,NA,NA,NA,NA,NA,NA,NA,NA,NA,NA,NA,NA,NA,NA,NA,NA,NA,NA,NA,NA,NA,NA
3228,HBB:c.349del,NA,NA,NA,NA,NA,NA,NA,NA,NA,NA,NA,NA,NA,NA,NA,NA,NA,NA,NA,NA,NA,NA,NA,NA,NA,NA,NA,NA
3249,HBB:c.408delT,NA,NA,NA,NA,NA,NA,NA,NA,NA,NA,NA,NA,NA,NA,NA,NA,NA,NA,NA,NA,NA,NA,NA,NA,NA,NA,NA,NA
3252,HBA1:c.99G>A,0,1,0,1,1,0,1,0,1,0,1,0,1,1,1,NA,1,1,1,1,1,0,1,1,1,1,1,0
3253,HBB:c.265_266del,NA,NA,NA,NA,NA,NA,NA,NA,NA,NA,NA,NA,NA,NA,NA,NA,NA,NA,NA,NA,NA,NA,NA,NA,NA,NA,NA,NA
3266,HBA1:c.69C>T,NA,1,NA,NA,NA,NA,NA,NA,NA,NA,NA,NA,NA,NA,NA,NA,NA,NA,NA,NA,NA,NA,NA,NA,NA,NA,NA,NA
3267,HBA1:c.70G>T,1,1,NA,NA,1,0,1,NA,0,0,1,NA,1,NA,NA,NA,1,NA,0,0,1,1,NA,NA,NA,NA,0,0
3280,HBA1:c.178G>C,1,1,1,1,1,1,1,1,1,1,1,1,1,1,1,NA,1,1,1,1,1,1,1,1,1,1,1,1
3281,HBA1:c.393_394insT,NA,NA,NA,NA,NA,NA,NA,NA,NA,NA,NA,NA,NA,NA,NA,NA,NA,NA,NA,NA,NA,NA,NA,NA,NA,NA,NA,NA
3286,HBA2:c.184A>T,1,1,NA,NA,1,1,1,NA,1,0,1,NA,1,NA,NA,NA,1,NA,1,1,1,1,NA,NA,NA,NA,0,1
3287,HBB:c.268_281delAGTGAGCTGCACTG,NA,1,NA,NA,NA,NA,NA,NA,NA,NA,NA,NA,NA,NA,NA,NA,NA,NA,NA,NA,NA,NA,NA,NA,NA,NA,NA,NA
3288,HBB:c.23delA,NA,NA,NA,NA,NA,NA,NA,NA,NA,NA,NA,NA,NA,NA,NA,NA,NA,NA,NA,NA,NA,NA,NA,NA,NA,NA,NA,NA
3297,HBB:c.34_42delGTTACTGCC,NA,NA,NA,NA,NA,NA,NA,NA,NA,NA,NA,NA,NA,NA,NA,NA,NA,NA,NA,NA,NA,NA,NA,NA,NA,NA,NA,NA
3298,HBB:c.182_187delTGAAGG,NA,NA,NA,NA,NA,NA,NA,NA,NA,NA,NA,NA,NA,NA,NA,NA,NA,NA,NA,NA,NA,NA,NA,NA,NA,NA,NA,NA
3299,HBB:c.235dupC,NA,NA,NA,NA,NA,NA,NA,NA,NA,NA,NA,NA,NA,NA,NA,NA,NA,NA,NA,NA,NA,NA,NA,NA,NA,NA,NA,NA
3305,HBA2:c.379delG,NA,NA,NA,NA,NA,NA,NA,NA,NA,NA,NA,NA,NA,NA,NA,NA,NA,NA,NA,NA,NA,NA,NA,NA,NA,NA,NA,NA
3306,HBB:c.77_79delGTG,NA,1,NA,NA,NA,NA,NA,NA,NA,NA,NA,NA,NA,NA,NA,NA,NA,NA,NA,NA,NA,NA,NA,NA,NA,NA,NA,NA
3308,HBB:c.348_349delinsG,NA,1,NA,NA,NA,NA,NA,NA,NA,NA,NA,NA,NA,NA,NA,NA,NA,NA,NA,NA,NA,NA,NA,NA,NA,NA,NA,NA
3326,HBA1:c.221delT,NA,NA,NA,NA,NA,NA,NA,NA,NA,NA,NA,NA,NA,NA,NA,NA,NA,NA,NA,NA,NA,NA,NA,NA,NA,NA,NA,NA
3334,HBA1:c.184A>T,1,1,NA,NA,1,1,1,NA,1,1,1,NA,1,NA,NA,NA,1,NA,1,1,1,1,NA,NA,NA,NA,1,1
3345,HBB:c.-29G>T,NA,1,NA,NA,NA,NA,NA,NA,NA,NA,NA,NA,NA,NA,NA,NA,NA,NA,NA,NA,NA,NA,NA,NA,NA,NA,NA,NA
3361,HBB:c.417dupT,NA,NA,NA,NA,NA,NA,NA,NA,NA,NA,NA,NA,NA,NA,NA,NA,NA,NA,NA,NA,NA,NA,NA,NA,NA,NA,NA,NA
3364,HBB:c.100G>T,0,1,0,1,1,0,0,0,1,0,1,1,NA,0,0,0,0,1,1,1,0,0,0,1,0,1,0,0
3384,HBB:c.332T>G,1,1,1,1,1,1,1,1,1,1,1,1,NA,1,1,1,1,1,1,1,1,1,1,1,1,1,1,1
3385,HBB:c.311T>A,1,1,1,1,1,1,1,1,1,1,1,1,NA,1,1,1,1,1,1,1,1,1,1,1,1,1,1,1
3386,HBB:c.-126C>A,NA,1,NA,NA,NA,NA,NA,NA,NA,NA,NA,NA,NA,NA,NA,NA,NA,NA,NA,NA,NA,NA,NA,NA,NA,NA,NA,NA
3391,HBB:c.316-202del,NA,NA,NA,NA,NA,NA,NA,NA,NA,NA,NA,NA,NA,NA,NA,NA,NA,NA,NA,NA,NA,NA,NA,NA,NA,NA,NA,NA
3395,HBA1:c.49A>T,1,1,NA,NA,1,1,1,NA,1,0,1,NA,1,NA,NA,NA,1,NA,0,0,1,0,NA,NA,NA,NA,0,1
3399,HBB:c.30delT,NA,NA,NA,NA,NA,NA,NA,NA,NA,NA,NA,NA,NA,NA,NA,NA,NA,NA,NA,NA,NA,NA,NA,NA,NA,NA,NA,NA
3400,HBB:c.442T>C,0,1,NA,NA,0,1,1,NA,1,1,1,NA,NA,NA,NA,NA,1,NA,1,1,1,1,NA,NA,NA,NA,1,0
3403,HBA2:c.118_119insA,NA,NA,NA,NA,NA,NA,NA,NA,NA,NA,NA,NA,NA,NA,NA,NA,NA,NA,NA,NA,NA,NA,NA,NA,NA,NA,NA,NA
3434,HBA1:c.264C>G,0,1,1,1,1,0,0,1,0,0,1,1,1,1,1,NA,1,1,1,1,0,0,1,1,1,1,0,1
3437,HBB:c.7delC,NA,NA,NA,NA,NA,NA,NA,NA,NA,NA,NA,NA,NA,NA,NA,NA,NA,NA,NA,NA,NA,NA,NA,NA,NA,NA,NA,NA
3442,HBA1:c.157_180dupTCTGCCCAGGTTAAGGGCCACGGC,NA,NA,NA,NA,NA,NA,NA,NA,NA,NA,NA,NA,NA,NA,NA,NA,NA,NA,NA,NA,NA,NA,NA,NA,NA,NA,NA,NA
3444,HBB:c.443A>C,0,0,NA,NA,0,0,1,NA,0,0,1,NA,NA,NA,NA,NA,1,NA,1,1,0,0,NA,NA,NA,NA,1,0
3464,HBB:c.-48A>T,NA,1,NA,NA,NA,NA,NA,NA,NA,NA,NA,NA,NA,NA,NA,NA,NA,NA,NA,NA,NA,NA,NA,NA,NA,NA,NA,NA
3483,HBB:c.364delG,NA,NA,NA,NA,NA,NA,NA,NA,NA,NA,NA,NA,NA,NA,NA,NA,NA,NA,NA,NA,NA,NA,NA,NA,NA,NA,NA,NA
3484,HBB:c.91delA,NA,NA,NA,NA,NA,NA,NA,NA,NA,NA,NA,NA,NA,NA,NA,NA,NA,NA,NA,NA,NA,NA,NA,NA,NA,NA,NA,NA
3513,HBB:c.27delG,NA,NA,NA,NA,NA,NA,NA,NA,NA,NA,NA,NA,NA,NA,NA,NA,NA,NA,NA,NA,NA,NA,NA,NA,NA,NA,NA,NA
3555,HBB:c.374dup,NA,NA,NA,NA,NA,NA,NA,NA,NA,NA,NA,NA,NA,NA,NA,NA,NA,NA,NA,NA,NA,NA,NA,NA,NA,NA,NA,NA
3556,HBB:c.373C>A,0,1,1,1,1,1,1,1,1,0,1,1,1,1,1,1,1,1,0,0,1,0,1,1,1,1,0,1
3557,HBA1:c.130T>C,1,1,1,1,1,1,1,1,1,1,1,1,1,1,1,NA,1,1,1,1,1,1,1,1,1,1,1,1
3558,HBB:c.316-30A>C,NA,0,NA,NA,NA,NA,NA,NA,NA,NA,NA,NA,NA,NA,NA,NA,NA,NA,NA,NA,NA,NA,NA,NA,NA,NA,NA,NA
3560,HBA1:c.158C>G,0,1,1,1,1,1,1,1,1,1,1,1,1,1,1,NA,1,1,1,1,1,1,1,1,1,1,1,0
3561,HBB:c.9delT,NA,NA,NA,NA,NA,NA,NA,NA,NA,NA,NA,NA,NA,NA,NA,NA,NA,NA,NA,NA,NA,NA,NA,NA,NA,NA,NA,NA
3562,HBB:c.-248A>G,NA,0,NA,NA,NA,NA,NA,NA,NA,NA,NA,NA,NA,NA,NA,NA,NA,NA,NA,NA,NA,NA,NA,NA,NA,NA,NA,NA
3563,HBB:c.379delG,NA,NA,NA,NA,NA,NA,NA,NA,NA,NA,NA,NA,NA,NA,NA,NA,NA,NA,NA,NA,NA,NA,NA,NA,NA,NA,NA,NA
3564,HBA2:c.3G>C,1,1,1,1,1,1,1,0,1,1,1,NA,1,1,1,NA,1,1,1,1,1,1,1,1,1,1,1,1
3565,HBB:c.92+6T>G,NA,1,NA,NA,NA,NA,NA,NA,NA,NA,NA,NA,NA,NA,NA,NA,NA,NA,NA,NA,NA,NA,NA,NA,NA,NA,NA,NA
3568,HBA2:c.85delG,NA,NA,NA,NA,NA,NA,NA,NA,NA,NA,NA,NA,NA,NA,NA,NA,NA,NA,NA,NA,NA,NA,NA,NA,NA,NA,NA,NA
3569,HBA2:c.268_280delCACAAGCTTCGGG,NA,NA,NA,NA,NA,NA,NA,NA,NA,NA,NA,NA,NA,NA,NA,NA,NA,NA,NA,NA,NA,NA,NA,NA,NA,NA,NA,NA
3671,HBB:c.-126C>T,NA,1,NA,NA,NA,NA,NA,NA,NA,NA,NA,NA,NA,NA,NA,NA,NA,NA,NA,NA,NA,NA,NA,NA,NA,NA,NA,NA
3672,HBB:c.-123A>C,NA,1,NA,NA,NA,NA,NA,NA,NA,NA,NA,NA,NA,NA,NA,NA,NA,NA,NA,NA,NA,NA,NA,NA,NA,NA,NA,NA
3673,HBB:c.-123A>G,NA,1,NA,NA,NA,NA,NA,NA,NA,NA,NA,NA,NA,NA,NA,NA,NA,NA,NA,NA,NA,NA,NA,NA,NA,NA,NA,NA
3714,HBA2:c.48_49insT,NA,NA,NA,NA,NA,NA,NA,NA,NA,NA,NA,NA,NA,NA,NA,NA,NA,NA,NA,NA,NA,NA,NA,NA,NA,NA,NA,NA
3717,HBA1:c.184del,NA,NA,NA,NA,NA,NA,NA,NA,NA,NA,NA,NA,NA,NA,NA,NA,NA,NA,NA,NA,NA,NA,NA,NA,NA,NA,NA,NA
3728,HBA2:c.-8A>C,NA,0,NA,NA,NA,NA,NA,NA,NA,NA,NA,NA,NA,NA,NA,NA,NA,NA,NA,NA,NA,NA,NA,NA,NA,NA,NA,NA
3745,HBA2:c.95+1G>A,NA,1,NA,NA,NA,NA,NA,NA,NA,NA,NA,NA,NA,NA,NA,NA,NA,NA,NA,NA,NA,NA,NA,NA,NA,NA,NA,NA
3757,HBA1:c.70G>C,0,0,0,0,0,0,0,0,0,0,1,0,1,0,0,NA,1,1,0,0,1,1,0,1,0,0,0,0
3758,HBA2:c.379G>A,0,1,1,1,1,1,1,0,1,1,1,NA,1,1,1,1,1,1,1,1,1,1,1,1,1,1,1,1
3765,HBA2:c.118_120delACC,NA,NA,NA,NA,NA,NA,NA,NA,NA,NA,NA,NA,NA,NA,NA,NA,NA,NA,NA,NA,NA,NA,NA,NA,NA,NA,NA,NA
